session_id,station_id,start_time,end_time,kwh_consumed,total_cost,payment_status
TXN-10000,ST-101,2025-12-11 15:58:44.455179,2025-12-11 16:54:44.455179,16.66,4.5,Refunded
TXN-10001,ST-102,2026-01-03 16:47:44.455179,2026-01-03 20:26:44.455179,161.03,26.15,Completed
TXN-10002,ST-100,2025-12-15 02:45:44.455179,2025-12-15 04:46:44.455179,35.16,7.27,Completed
TXN-10003,ST-101,2025-12-22 02:59:44.455179,2025-12-22 05:03:44.455179,20.79,5.12,Completed
TXN-10004,ST-103,2026-01-08 10:07:44.455179,2026-01-08 10:31:44.455179,5.42,2.81,Refunded
TXN-10005,ST-102,2026-01-03 02:15:44.455179,2026-01-03 03:02:44.455179,28.94,6.34,Completed
TXN-10006,ST-103,2025-12-29 17:24:44.455179,2025-12-29 17:49:44.455179,5.3,2.79,Completed
TXN-10007,ST-100,2025-12-11 09:11:44.455179,2025-12-11 11:09:44.455179,28.37,6.26,Completed
TXN-10008,ST-100,2025-12-14 16:58:44.455179,2025-12-14 20:53:44.455179,115.67,19.35,Completed
TXN-10009,ST-103,2026-01-04 12:28:44.455179,2026-01-04 14:50:44.455179,14.74,4.21,Completed
TXN-10010,ST-104,2025-12-11 08:54:44.455179,2025-12-11 10:56:44.455179,32.57,6.89,Completed
TXN-10011,ST-100,2026-01-07 15:58:44.455179,2026-01-07 18:28:44.455179,54.35,10.15,Completed
TXN-10012,ST-100,2025-12-19 10:17:44.455179,2025-12-19 13:51:44.455179,149.16,24.37,Completed
TXN-10013,ST-104,2025-12-30 08:28:44.455179,2025-12-30 12:26:44.455179,139.11,22.87,Completed
TXN-10014,ST-103,2025-12-28 14:15:44.455179,2025-12-28 15:21:44.455179,29.59,6.44,Completed
TXN-10015,ST-100,2025-12-17 08:43:44.455179,2025-12-17 12:11:44.455179,47.12,9.07,Completed
TXN-10016,ST-102,2025-12-28 16:42:44.455179,2025-12-28 18:14:44.455179,56.91,10.54,Completed
TXN-10017,ST-101,2025-12-25 06:47:44.455179,2025-12-25 08:27:44.455179,11.03,3.65,Completed
TXN-10018,ST-104,2025-12-10 04:51:44.455179,2025-12-10 06:24:44.455179,34.9,7.23,Completed
TXN-10019,ST-100,2025-12-19 07:18:44.455179,2025-12-19 10:20:44.455179,77.69,13.65,Completed
TXN-10020,ST-102,2025-12-25 04:06:44.455179,2025-12-25 06:01:44.455179,55.88,10.38,Completed
TXN-10021,ST-102,2025-12-19 10:49:44.455179,2025-12-19 11:42:44.455179,11.92,3.79,Completed
TXN-10022,ST-103,2026-01-06 04:59:44.455179,2026-01-06 05:21:44.455179,8.08,3.21,Completed
TXN-10023,ST-100,2026-01-04 10:00:44.455179,2026-01-04 10:57:44.455179,44.66,8.7,Completed
TXN-10024,ST-101,2025-12-29 13:55:44.455179,2025-12-29 16:10:44.455179,34.27,7.14,Completed
TXN-10025,ST-103,2025-12-10 10:55:44.455179,2025-12-10 14:45:44.455179,141.32,23.2,Completed
TXN-10026,ST-104,2026-01-09 09:18:44.455179,2026-01-09 12:13:44.455179,98.8,16.82,Completed
TXN-10027,ST-101,2025-12-29 10:33:44.455179,2025-12-29 13:46:44.455179,129.62,21.44,Completed
TXN-10028,ST-104,2025-12-17 06:21:44.455179,2025-12-17 08:12:44.455179,77.71,13.66,Completed
TXN-10029,ST-104,2025-12-23 17:23:44.455179,2025-12-23 17:56:44.455179,25.2,5.78,Completed
TXN-10030,ST-102,2025-12-12 15:22:44.455179,2025-12-12 18:41:44.455179,81.7,14.26,Failed
TXN-10031,ST-101,2025-12-20 02:40:44.455179,2025-12-20 06:34:44.455179,176.03,28.4,Completed
TXN-10032,ST-100,2025-12-24 08:33:44.455179,2025-12-24 10:47:44.455179,104.73,17.71,Completed
TXN-10033,ST-103,2025-12-29 15:09:44.455179,2025-12-29 18:27:44.455179,118.55,19.78,Completed
TXN-10034,ST-102,2025-12-25 14:18:44.455179,2025-12-25 14:44:44.455179,9.34,3.4,Completed
TXN-10035,ST-100,2026-01-09 16:06:44.455179,2026-01-09 19:50:44.455179,173.14,27.97,Completed
TXN-10036,ST-104,2026-01-03 09:48:44.455179,2026-01-03 11:41:44.455179,69.3,12.39,Completed
TXN-10037,ST-100,2026-01-01 10:25:44.455179,2026-01-01 13:30:44.455179,66.08,11.91,Completed
TXN-10038,ST-103,2025-12-12 06:52:44.455179,2025-12-12 08:14:44.455179,55.44,10.32,Completed
TXN-10039,ST-102,2025-12-12 11:05:44.455179,2025-12-12 14:21:44.455179,21.55,5.23,Completed
TXN-10040,ST-103,2025-12-30 11:14:44.455179,2025-12-30 11:52:44.455179,5.19,2.78,Completed
TXN-10041,ST-102,2025-12-12 02:21:44.455179,2025-12-12 04:41:44.455179,19.76,4.96,Completed
TXN-10042,ST-101,2025-12-29 02:57:44.455179,2025-12-29 04:22:44.455179,66.95,12.04,Completed
TXN-10043,ST-102,2025-12-13 02:30:44.455179,2025-12-13 04:39:44.455179,56.15,10.42,Completed
TXN-10044,ST-104,2025-12-26 16:05:44.455179,2025-12-26 18:29:44.455179,99.26,16.89,Completed
TXN-10045,ST-100,2025-12-22 01:30:44.455179,2025-12-22 02:37:44.455179,38.5,7.77,Completed
TXN-10046,ST-100,2026-01-07 04:02:44.455179,2026-01-07 05:07:44.455179,24.43,5.66,Completed
TXN-10047,ST-104,2025-12-21 16:43:44.455179,2025-12-21 17:46:44.455179,13.79,4.07,Completed
TXN-10048,ST-102,2025-12-10 16:23:44.455179,2025-12-10 17:01:44.455179,14.32,4.15,Completed
TXN-10049,ST-100,2026-01-09 01:21:44.455179,2026-01-09 03:39:44.455179,46.13,8.92,Completed
TXN-10050,ST-100,2025-12-29 00:39:44.455179,2025-12-29 02:53:44.455179,105.76,17.86,Completed
TXN-10051,ST-100,2026-01-07 08:04:44.455179,2026-01-07 09:23:44.455179,42.06,8.31,Completed
TXN-10052,ST-104,2026-01-08 09:30:44.455179,2026-01-08 11:55:44.455179,106.74,18.01,Completed
TXN-10053,ST-103,2025-12-23 05:14:44.455179,2025-12-23 07:05:44.455179,67.54,12.13,Completed
TXN-10054,ST-103,2025-12-21 02:06:44.455179,2025-12-21 05:43:44.455179,43.02,8.45,Completed
TXN-10055,ST-101,2025-12-12 10:38:44.455179,2025-12-12 13:30:44.455179,123.83,20.57,Completed
TXN-10056,ST-104,2025-12-23 02:53:44.455179,2025-12-23 03:13:44.455179,5.85,2.88,Completed
TXN-10057,ST-102,2025-12-30 15:18:44.455179,2025-12-30 17:53:44.455179,86.12,14.92,Completed
TXN-10058,ST-102,2025-12-31 05:16:44.455179,2025-12-31 07:47:44.455179,90.94,15.64,Completed
TXN-10059,ST-103,2025-12-25 05:34:44.455179,2025-12-25 06:18:44.455179,12.31,3.85,Completed
TXN-10060,ST-104,2025-12-24 09:33:44.455179,2025-12-24 12:28:44.455179,47.18,9.08,Completed
TXN-10061,ST-103,2025-12-13 16:04:44.455179,2025-12-13 19:33:44.455179,82.76,14.41,Completed
TXN-10062,ST-100,2025-12-20 10:23:44.455179,2025-12-20 11:19:44.455179,22.65,5.4,Completed
TXN-10063,ST-103,2025-12-21 11:11:44.455179,2025-12-21 14:41:44.455179,103.51,17.53,Completed
TXN-10064,ST-100,2025-12-17 14:53:44.455179,2025-12-17 16:12:44.455179,22.37,5.36,Failed
TXN-10065,ST-104,2025-12-18 09:35:44.455179,2025-12-18 10:14:44.455179,5.59,2.84,Completed
TXN-10066,ST-100,2025-12-15 09:35:44.455179,2025-12-15 12:35:44.455179,82.43,14.36,Refunded
TXN-10067,ST-100,2025-12-27 02:54:44.455179,2025-12-27 06:24:44.455179,162.31,26.35,Completed
TXN-10068,ST-100,2026-01-01 03:26:44.455179,2026-01-01 03:46:44.455179,3.55,2.53,Completed
TXN-10069,ST-101,2025-12-15 01:58:44.455179,2025-12-15 02:31:44.455179,16.72,4.51,Completed
TXN-10070,ST-102,2025-12-19 06:37:44.455179,2025-12-19 10:37:44.455179,40.74,8.11,Completed
TXN-10071,ST-102,2025-12-16 09:22:44.455179,2025-12-16 13:17:44.455179,116.53,19.48,Completed
TXN-10072,ST-104,2025-12-23 14:10:44.455179,2025-12-23 15:05:44.455179,38.92,7.84,Refunded
TXN-10073,ST-101,2026-01-09 04:49:44.455179,2026-01-09 05:15:44.455179,7.31,3.1,Failed
TXN-10074,ST-102,2026-01-04 01:07:44.455179,2026-01-04 03:42:44.455179,114.57,19.19,Completed
TXN-10075,ST-103,2025-12-10 13:22:44.455179,2025-12-10 16:51:44.455179,154.47,25.17,Completed
TXN-10076,ST-100,2025-12-18 02:59:44.455179,2025-12-18 06:32:44.455179,128.78,21.32,Completed
TXN-10077,ST-101,2025-12-14 10:55:44.455179,2025-12-14 13:47:44.455179,17.91,4.69,Failed
TXN-10078,ST-104,2025-12-10 06:59:44.455179,2025-12-10 08:09:44.455179,19.7,4.96,Completed
TXN-10079,ST-101,2026-01-01 05:29:44.455179,2026-01-01 07:27:44.455179,15.7,4.36,Completed
TXN-10080,ST-103,2026-01-07 15:19:44.455179,2026-01-07 16:29:44.455179,25.96,5.89,Completed
TXN-10081,ST-103,2025-12-25 01:12:44.455179,2025-12-25 03:38:44.455179,101.87,17.28,Completed
TXN-10082,ST-104,2025-12-11 01:38:44.455179,2025-12-11 03:37:44.455179,90.65,15.6,Completed
TXN-10083,ST-100,2025-12-20 07:45:44.455179,2025-12-20 10:45:44.455179,62.63,11.39,Completed
TXN-10084,ST-104,2026-01-04 06:56:44.455179,2026-01-04 10:10:44.455179,103.28,17.49,Refunded
TXN-10085,ST-103,2025-12-15 10:58:44.455179,2025-12-15 14:15:44.455179,42.81,8.42,Completed
TXN-10086,ST-100,2026-01-05 08:13:44.455179,2026-01-05 09:35:44.455179,54.61,10.19,Completed
TXN-10087,ST-101,2025-12-21 13:50:44.455179,2025-12-21 15:12:44.455179,24.31,5.65,Completed
TXN-10088,ST-103,2026-01-09 11:22:44.455179,2026-01-09 11:57:44.455179,4.16,2.62,Completed
TXN-10089,ST-104,2025-12-31 10:12:44.455179,2025-12-31 12:16:44.455179,52.51,9.88,Completed
TXN-10090,ST-101,2025-12-13 09:18:44.455179,2025-12-13 12:00:44.455179,88.07,15.21,Completed
TXN-10091,ST-102,2025-12-10 12:22:44.455179,2025-12-10 14:50:44.455179,98.91,16.84,Failed
TXN-10092,ST-103,2026-01-05 09:13:44.455179,2026-01-05 09:33:44.455179,12.84,3.93,Completed
TXN-10093,ST-103,2025-12-10 01:35:44.455179,2025-12-10 02:10:44.455179,26.11,5.92,Completed
TXN-10094,ST-103,2026-01-04 08:32:44.455179,2026-01-04 09:52:44.455179,26.01,5.9,Completed
TXN-10095,ST-100,2025-12-29 04:29:44.455179,2025-12-29 05:40:44.455179,17.87,4.68,Completed
TXN-10096,ST-103,2025-12-28 05:58:44.455179,2025-12-28 09:30:44.455179,40.1,8.02,Completed
TXN-10097,ST-102,2025-12-29 03:38:44.455179,2025-12-29 06:25:44.455179,28.23,6.23,Completed
TXN-10098,ST-102,2025-12-18 14:21:44.455179,2025-12-18 14:59:44.455179,22.94,5.44,Completed
TXN-10099,ST-103,2025-12-27 12:46:44.455179,2025-12-27 16:11:44.455179,49.49,9.42,Completed
TXN-10100,ST-103,2026-01-06 14:49:44.455179,2026-01-06 18:14:44.455179,144.8,23.72,Completed
TXN-10101,ST-101,2025-12-18 02:38:44.455179,2025-12-18 04:02:44.455179,20.88,5.13,Completed
TXN-10102,ST-100,2026-01-04 12:59:44.455179,2026-01-04 16:38:44.455179,119.71,19.96,Completed
TXN-10103,ST-103,2025-12-16 14:10:44.455179,2025-12-16 17:44:44.455179,32.49,6.87,Completed
TXN-10104,ST-104,2025-12-22 10:56:44.455179,2025-12-22 12:45:44.455179,82.1,14.31,Completed
TXN-10105,ST-100,2025-12-15 14:53:44.455179,2025-12-15 18:18:44.455179,24.7,5.71,Completed
TXN-10106,ST-100,2025-12-29 12:19:44.455179,2025-12-29 13:15:44.455179,9.89,3.48,Completed
TXN-10107,ST-100,2025-12-20 05:18:44.455179,2025-12-20 07:17:44.455179,53.07,9.96,Completed
TXN-10108,ST-100,2025-12-21 03:38:44.455179,2025-12-21 05:57:44.455179,64.72,11.71,Completed
TXN-10109,ST-101,2025-12-18 01:43:44.455179,2025-12-18 05:10:44.455179,91.1,15.66,Completed
TXN-10110,ST-101,2026-01-02 17:33:44.455179,2026-01-02 17:57:44.455179,15.56,4.33,Completed
TXN-10111,ST-104,2026-01-09 10:13:44.455179,2026-01-09 10:54:44.455179,18.23,4.73,Completed
TXN-10112,ST-101,2026-01-04 02:24:44.455179,2026-01-04 04:52:44.455179,44.1,8.62,Completed
TXN-10113,ST-102,2025-12-22 13:25:44.455179,2025-12-22 16:00:44.455179,75.57,13.34,Refunded
TXN-10114,ST-101,2026-01-05 01:41:44.455179,2026-01-05 02:34:44.455179,35.07,7.26,Completed
TXN-10115,ST-104,2026-01-08 11:48:44.455179,2026-01-08 15:48:44.455179,76.54,13.48,Completed
TXN-10116,ST-104,2025-12-23 08:35:44.455179,2025-12-23 10:50:44.455179,81.79,14.27,Completed
TXN-10117,ST-100,2025-12-15 15:44:44.455179,2025-12-15 18:21:44.455179,61.35,11.2,Completed
TXN-10118,ST-101,2025-12-17 06:55:44.455179,2025-12-17 09:25:44.455179,114.39,19.16,Completed
TXN-10119,ST-104,2025-12-22 13:16:44.455179,2025-12-22 15:09:44.455179,67.37,12.11,Completed
TXN-10120,ST-102,2025-12-24 03:54:44.455179,2025-12-24 06:01:44.455179,56.1,10.41,Failed
TXN-10121,ST-100,2025-12-21 12:24:44.455179,2025-12-21 13:12:44.455179,7.95,3.19,Completed
TXN-10122,ST-104,2025-12-15 14:27:44.455179,2025-12-15 17:14:44.455179,42.73,8.41,Completed
TXN-10123,ST-102,2025-12-17 07:50:44.455179,2025-12-17 08:47:44.455179,36.65,7.5,Completed
TXN-10124,ST-100,2025-12-11 11:37:44.455179,2025-12-11 13:12:44.455179,42.17,8.33,Failed
TXN-10125,ST-102,2025-12-11 04:16:44.455179,2025-12-11 04:41:44.455179,11.12,3.67,Completed
TXN-10126,ST-102,2025-12-23 03:28:44.455179,2025-12-23 05:47:44.455179,18.23,4.73,Completed
TXN-10127,ST-100,2025-12-30 01:45:44.455179,2025-12-30 04:38:44.455179,99.73,16.96,Completed
TXN-10128,ST-100,2025-12-22 17:07:44.455179,2025-12-22 20:38:44.455179,34.06,7.11,Completed
TXN-10129,ST-101,2026-01-09 10:42:44.455179,2026-01-09 13:53:44.455179,54.28,10.14,Completed
TXN-10130,ST-104,2026-01-01 09:41:44.455179,2026-01-01 13:05:44.455179,82.4,14.36,Completed
TXN-10131,ST-102,2025-12-26 11:53:44.455179,2025-12-26 14:45:44.455179,130.93,21.64,Completed
TXN-10132,ST-104,2025-12-27 08:45:44.455179,2025-12-27 12:16:44.455179,66.52,11.98,Refunded
TXN-10133,ST-102,2025-12-10 16:04:44.455179,2025-12-10 19:37:44.455179,88.47,15.27,Failed
TXN-10134,ST-102,2026-01-05 11:20:44.455179,2026-01-05 14:17:44.455179,61.33,11.2,Completed
TXN-10135,ST-102,2025-12-27 11:25:44.455179,2025-12-27 13:01:44.455179,47.26,9.09,Completed
TXN-10136,ST-102,2025-12-24 10:46:44.455179,2025-12-24 13:34:44.455179,27.97,6.2,Completed
TXN-10137,ST-101,2025-12-21 05:13:44.455179,2025-12-21 06:22:44.455179,50.66,9.6,Completed
TXN-10138,ST-102,2025-12-29 08:48:44.455179,2025-12-29 09:48:44.455179,26.49,5.97,Completed
TXN-10139,ST-103,2025-12-11 11:15:44.455179,2025-12-11 12:54:44.455179,70.25,12.54,Completed
TXN-10140,ST-104,2025-12-22 08:26:44.455179,2025-12-22 10:22:44.455179,47.16,9.07,Completed
TXN-10141,ST-104,2025-12-13 01:07:44.455179,2025-12-13 04:48:44.455179,97.46,16.62,Completed
TXN-10142,ST-101,2025-12-30 02:17:44.455179,2025-12-30 05:45:44.455179,135.87,22.38,Completed
TXN-10143,ST-104,2025-12-28 09:27:44.455179,2025-12-28 11:05:44.455179,68.36,12.25,Completed
TXN-10144,ST-100,2025-12-27 07:32:44.455179,2025-12-27 10:00:44.455179,100.12,17.02,Completed
TXN-10145,ST-104,2025-12-26 14:08:44.455179,2025-12-26 14:43:44.455179,17.57,4.64,Completed
TXN-10146,ST-102,2026-01-01 08:35:44.455179,2026-01-01 11:39:44.455179,114.94,19.24,Completed
TXN-10147,ST-100,2025-12-27 11:04:44.455179,2025-12-27 12:05:44.455179,22.34,5.35,Completed
TXN-10148,ST-101,2025-12-18 07:21:44.455179,2025-12-18 07:58:44.455179,5.74,2.86,Completed
TXN-10149,ST-104,2026-01-07 03:35:44.455179,2026-01-07 06:14:44.455179,101.27,17.19,Completed
TXN-10150,ST-103,2025-12-16 04:14:44.455179,2025-12-16 05:57:44.455179,47.82,9.17,Completed
TXN-10151,ST-102,2025-12-21 06:46:44.455179,2025-12-21 08:32:44.455179,33.09,6.96,Completed
TXN-10152,ST-100,2025-12-19 15:07:44.455179,2025-12-19 16:44:44.455179,54.29,10.14,Failed
TXN-10153,ST-104,2026-01-09 07:57:44.455179,2026-01-09 09:24:44.455179,34.81,7.22,Completed
TXN-10154,ST-104,2025-12-29 13:52:44.455179,2025-12-29 14:52:44.455179,35.76,7.36,Completed
TXN-10155,ST-101,2025-12-10 12:01:44.455179,2025-12-10 13:27:44.455179,26.11,5.92,Completed
TXN-10156,ST-104,2025-12-19 17:19:44.455179,2025-12-19 20:52:44.455179,29.3,6.39,Completed
TXN-10157,ST-103,2025-12-10 10:57:44.455179,2025-12-10 14:55:44.455179,105.72,17.86,Completed
TXN-10158,ST-103,2026-01-09 05:38:44.455179,2026-01-09 07:59:44.455179,17.74,4.66,Completed
TXN-10159,ST-102,2026-01-09 16:26:44.455179,2026-01-09 17:40:44.455179,50.18,9.53,Completed
TXN-10160,ST-101,2025-12-23 08:19:44.455179,2025-12-23 10:43:44.455179,77.0,13.55,Completed
TXN-10161,ST-102,2025-12-17 17:21:44.455179,2025-12-17 19:12:44.455179,17.57,4.64,Completed
TXN-10162,ST-103,2025-12-24 00:38:44.455179,2025-12-24 02:08:44.455179,14.15,4.12,Completed
TXN-10163,ST-103,2025-12-22 12:19:44.455179,2025-12-22 14:14:44.455179,91.0,15.65,Completed
TXN-10164,ST-103,2026-01-08 10:15:44.455179,2026-01-08 10:52:44.455179,7.55,3.13,Completed
TXN-10165,ST-101,2026-01-01 08:04:44.455179,2026-01-01 09:05:44.455179,14.3,4.14,Completed
TXN-10166,ST-103,2025-12-16 01:20:44.455179,2025-12-16 03:28:44.455179,90.67,15.6,Completed
TXN-10167,ST-101,2026-01-06 08:51:44.455179,2026-01-06 09:11:44.455179,14.47,4.17,Refunded
TXN-10168,ST-101,2025-12-18 11:21:44.455179,2025-12-18 13:01:44.455179,61.92,11.29,Completed
TXN-10169,ST-100,2025-12-26 08:12:44.455179,2025-12-26 11:08:44.455179,68.32,12.25,Failed
TXN-10170,ST-101,2025-12-22 17:01:44.455179,2025-12-22 17:26:44.455179,11.77,3.77,Completed
TXN-10171,ST-104,2025-12-28 12:59:44.455179,2025-12-28 14:06:44.455179,39.97,8.0,Completed
TXN-10172,ST-103,2025-12-19 13:23:44.455179,2025-12-19 16:53:44.455179,104.33,17.65,Completed
TXN-10173,ST-100,2025-12-17 11:34:44.455179,2025-12-17 13:30:44.455179,45.65,8.85,Completed
TXN-10174,ST-102,2025-12-14 08:40:44.455179,2025-12-14 12:10:44.455179,87.95,15.19,Completed
TXN-10175,ST-100,2025-12-15 15:09:44.455179,2025-12-15 17:24:44.455179,41.48,8.22,Completed
TXN-10176,ST-102,2025-12-14 13:00:44.455179,2025-12-14 16:48:44.455179,132.67,21.9,Completed
TXN-10177,ST-103,2025-12-19 11:16:44.455179,2025-12-19 11:41:44.455179,19.23,4.88,Completed
TXN-10178,ST-100,2025-12-23 05:45:44.455179,2025-12-23 07:24:44.455179,65.51,11.83,Completed
TXN-10179,ST-102,2025-12-26 06:07:44.455179,2025-12-26 06:59:44.455179,17.79,4.67,Completed
TXN-10180,ST-103,2026-01-02 17:33:44.455179,2026-01-02 20:40:44.455179,122.43,20.36,Completed
TXN-10181,ST-104,2025-12-14 05:14:44.455179,2025-12-14 05:44:44.455179,18.1,4.71,Completed
TXN-10182,ST-102,2026-01-07 13:17:44.455179,2026-01-07 16:29:44.455179,116.05,19.41,Completed
TXN-10183,ST-103,2025-12-20 05:53:44.455179,2025-12-20 08:14:44.455179,36.9,7.53,Completed
TXN-10184,ST-104,2025-12-15 09:34:44.455179,2025-12-15 09:55:44.455179,14.24,4.14,Completed
TXN-10185,ST-100,2026-01-09 04:57:44.455179,2026-01-09 07:24:44.455179,41.05,8.16,Refunded
TXN-10186,ST-104,2025-12-23 15:48:44.455179,2025-12-23 17:23:44.455179,24.48,5.67,Completed
TXN-10187,ST-101,2026-01-02 17:24:44.455179,2026-01-02 19:15:44.455179,61.22,11.18,Completed
TXN-10188,ST-103,2026-01-09 05:45:44.455179,2026-01-09 08:28:44.455179,107.98,18.2,Completed
TXN-10189,ST-102,2025-12-14 16:27:44.455179,2025-12-14 19:26:44.455179,82.92,14.44,Completed
TXN-10190,ST-100,2025-12-13 12:31:44.455179,2025-12-13 13:19:44.455179,12.91,3.94,Completed
TXN-10191,ST-101,2025-12-10 15:04:44.455179,2025-12-10 15:50:44.455179,19.28,4.89,Completed
TXN-10192,ST-100,2026-01-05 11:01:44.455179,2026-01-05 11:26:44.455179,6.18,2.93,Completed
TXN-10193,ST-103,2025-12-21 05:55:44.455179,2025-12-21 09:04:44.455179,22.28,5.34,Completed
TXN-10194,ST-104,2025-12-19 05:01:44.455179,2025-12-19 06:18:44.455179,21.14,5.17,Completed
TXN-10195,ST-100,2025-12-24 12:28:44.455179,2025-12-24 16:21:44.455179,107.66,18.15,Refunded
TXN-10196,ST-104,2025-12-15 16:52:44.455179,2025-12-15 19:42:44.455179,127.9,21.18,Completed
TXN-10197,ST-104,2025-12-27 04:40:44.455179,2025-12-27 07:50:44.455179,84.8,14.72,Completed
TXN-10198,ST-102,2025-12-25 16:22:44.455179,2025-12-25 17:08:44.455179,34.45,7.17,Completed
TXN-10199,ST-100,2025-12-29 02:42:44.455179,2025-12-29 05:57:44.455179,89.5,15.42,Refunded
TXN-10200,ST-102,2025-12-13 08:58:44.455179,2025-12-13 10:04:44.455179,9.72,3.46,Completed
TXN-10201,ST-103,2025-12-20 14:58:44.455179,2025-12-20 17:25:44.455179,36.79,7.52,Completed
TXN-10202,ST-103,2026-01-03 07:00:44.455179,2026-01-03 09:47:44.455179,22.29,5.34,Completed
TXN-10203,ST-100,2025-12-30 08:03:44.455179,2025-12-30 09:00:44.455179,19.51,4.93,Completed
TXN-10204,ST-101,2025-12-27 11:08:44.455179,2025-12-27 12:46:44.455179,45.18,8.78,Refunded
TXN-10205,ST-102,2025-12-28 06:55:44.455179,2025-12-28 08:20:44.455179,31.12,6.67,Completed
TXN-10206,ST-100,2025-12-14 01:02:44.455179,2025-12-14 03:04:44.455179,80.56,14.08,Completed
TXN-10207,ST-103,2025-12-23 02:59:44.455179,2025-12-23 06:06:44.455179,64.05,11.61,Completed
TXN-10208,ST-102,2026-01-08 13:20:44.455179,2026-01-08 16:44:44.455179,127.3,21.09,Completed
TXN-10209,ST-101,2025-12-10 17:15:44.455179,2025-12-10 21:07:44.455179,141.59,23.24,Completed
TXN-10210,ST-103,2025-12-28 01:20:44.455179,2025-12-28 02:03:44.455179,5.05,2.76,Completed
TXN-10211,ST-103,2025-12-12 11:43:44.455179,2025-12-12 13:55:44.455179,37.1,7.57,Completed
TXN-10212,ST-102,2025-12-26 05:17:44.455179,2025-12-26 05:45:44.455179,14.81,4.22,Completed
TXN-10213,ST-103,2025-12-29 02:15:44.455179,2025-12-29 05:33:44.455179,42.45,8.37,Completed
TXN-10214,ST-101,2026-01-02 08:57:44.455179,2026-01-02 10:02:44.455179,40.09,8.01,Completed
TXN-10215,ST-100,2025-12-26 01:11:44.455179,2025-12-26 05:05:44.455179,52.32,9.85,Failed
TXN-10216,ST-103,2025-12-26 12:04:44.455179,2025-12-26 13:16:44.455179,54.28,10.14,Completed
TXN-10217,ST-100,2025-12-18 08:55:44.455179,2025-12-18 11:36:44.455179,92.95,15.94,Completed
TXN-10218,ST-104,2026-01-07 15:02:44.455179,2026-01-07 17:50:44.455179,127.48,21.12,Completed
TXN-10219,ST-102,2025-12-29 00:38:44.455179,2025-12-29 03:39:44.455179,96.76,16.51,Completed
TXN-10220,ST-104,2025-12-29 10:38:44.455179,2025-12-29 12:44:44.455179,28.53,6.28,Completed
TXN-10221,ST-103,2026-01-08 02:26:44.455179,2026-01-08 04:06:44.455179,39.52,7.93,Completed
TXN-10222,ST-103,2026-01-02 08:58:44.455179,2026-01-02 11:07:44.455179,68.55,12.28,Completed
TXN-10223,ST-104,2025-12-17 14:02:44.455179,2025-12-17 15:37:44.455179,12.44,3.87,Completed
TXN-10224,ST-102,2025-12-17 08:30:44.455179,2025-12-17 09:51:44.455179,18.14,4.72,Completed
TXN-10225,ST-100,2025-12-29 10:35:44.455179,2025-12-29 11:35:44.455179,35.89,7.38,Completed
TXN-10226,ST-102,2025-12-19 09:48:44.455179,2025-12-19 13:15:44.455179,89.75,15.46,Completed
TXN-10227,ST-102,2025-12-20 16:45:44.455179,2025-12-20 17:13:44.455179,4.65,2.7,Completed
TXN-10228,ST-101,2025-12-10 09:18:44.455179,2025-12-10 12:51:44.455179,106.9,18.04,Completed
TXN-10229,ST-101,2026-01-05 01:04:44.455179,2026-01-05 03:40:44.455179,16.96,4.54,Completed
TXN-10230,ST-104,2025-12-28 09:24:44.455179,2025-12-28 13:01:44.455179,172.4,27.86,Completed
TXN-10231,ST-102,2025-12-27 02:09:44.455179,2025-12-27 03:10:44.455179,41.68,8.25,Refunded
TXN-10232,ST-102,2025-12-18 09:06:44.455179,2025-12-18 11:53:44.455179,73.32,13.0,Completed
TXN-10233,ST-101,2025-12-17 00:50:44.455179,2025-12-17 01:27:44.455179,16.11,4.42,Completed
TXN-10234,ST-104,2026-01-04 08:14:44.455179,2026-01-04 12:14:44.455179,58.19,10.73,Completed
TXN-10235,ST-102,2025-12-29 00:51:44.455179,2025-12-29 02:27:44.455179,53.19,9.98,Completed
TXN-10236,ST-103,2025-12-29 16:52:44.455179,2025-12-29 17:37:44.455179,6.99,3.05,Completed
TXN-10237,ST-104,2025-12-31 09:51:44.455179,2025-12-31 13:18:44.455179,120.16,20.02,Completed
TXN-10238,ST-103,2025-12-17 03:19:44.455179,2025-12-17 05:19:44.455179,94.6,16.19,Completed
TXN-10239,ST-101,2025-12-15 03:44:44.455179,2025-12-15 07:25:44.455179,167.49,27.12,Completed
TXN-10240,ST-104,2025-12-28 05:56:44.455179,2025-12-28 06:46:44.455179,36.69,7.5,Refunded
TXN-10241,ST-101,2025-12-22 09:28:44.455179,2025-12-22 10:37:44.455179,48.37,9.26,Completed
TXN-10242,ST-101,2025-12-13 08:01:44.455179,2025-12-13 09:54:44.455179,56.71,10.51,Completed
TXN-10243,ST-103,2025-12-12 13:56:44.455179,2025-12-12 17:08:44.455179,95.99,16.4,Completed
TXN-10244,ST-103,2025-12-27 17:13:44.455179,2025-12-27 18:46:44.455179,74.11,13.12,Completed
TXN-10245,ST-103,2025-12-16 01:05:44.455179,2025-12-16 03:59:44.455179,91.93,15.79,Completed
TXN-10246,ST-102,2025-12-28 09:58:44.455179,2025-12-28 12:37:44.455179,21.01,5.15,Completed
TXN-10247,ST-100,2025-12-18 12:30:44.455179,2025-12-18 13:00:44.455179,14.11,4.12,Completed
TXN-10248,ST-103,2026-01-05 15:15:44.455179,2026-01-05 17:53:44.455179,41.49,8.22,Completed
TXN-10249,ST-101,2025-12-30 16:57:44.455179,2025-12-30 18:34:44.455179,25.63,5.84,Completed
TXN-10250,ST-102,2025-12-22 04:27:44.455179,2025-12-22 06:50:44.455179,112.08,18.81,Completed
TXN-10251,ST-104,2025-12-13 02:40:44.455179,2025-12-13 03:33:44.455179,28.17,6.23,Completed
TXN-10252,ST-103,2026-01-09 17:22:44.455179,2026-01-09 18:00:44.455179,9.79,3.47,Completed
TXN-10253,ST-101,2026-01-04 01:49:44.455179,2026-01-04 04:37:44.455179,56.37,10.46,Failed
TXN-10254,ST-103,2026-01-04 11:57:44.455179,2026-01-04 13:47:44.455179,14.16,4.12,Refunded
TXN-10255,ST-103,2025-12-23 11:16:44.455179,2025-12-23 14:27:44.455179,132.02,21.8,Refunded
TXN-10256,ST-103,2025-12-14 08:48:44.455179,2025-12-14 12:38:44.455179,51.72,9.76,Completed
TXN-10257,ST-102,2025-12-13 01:47:44.455179,2025-12-13 05:22:44.455179,137.79,22.67,Completed
TXN-10258,ST-102,2026-01-09 02:28:44.455179,2026-01-09 05:45:44.455179,100.75,17.11,Completed
TXN-10259,ST-101,2026-01-02 09:33:44.455179,2026-01-02 12:38:44.455179,124.33,20.65,Completed
TXN-10260,ST-100,2025-12-20 12:33:44.455179,2025-12-20 13:21:44.455179,7.62,3.14,Completed
TXN-10261,ST-103,2025-12-31 02:34:44.455179,2025-12-31 04:42:44.455179,31.11,6.67,Completed
TXN-10262,ST-101,2025-12-13 04:58:44.455179,2025-12-13 05:58:44.455179,6.94,3.04,Completed
TXN-10263,ST-101,2026-01-05 06:37:44.455179,2026-01-05 10:14:44.455179,139.4,22.91,Completed
TXN-10264,ST-104,2026-01-05 05:54:44.455179,2026-01-05 07:45:44.455179,17.54,4.63,Completed
TXN-10265,ST-103,2026-01-07 07:05:44.455179,2026-01-07 10:32:44.455179,112.37,18.86,Completed
TXN-10266,ST-101,2025-12-12 10:33:44.455179,2025-12-12 12:04:44.455179,55.65,10.35,Completed
TXN-10267,ST-100,2025-12-18 02:55:44.455179,2025-12-18 05:48:44.455179,114.24,19.14,Completed
TXN-10268,ST-102,2025-12-21 02:46:44.455179,2025-12-21 05:58:44.455179,42.01,8.3,Completed
TXN-10269,ST-103,2025-12-10 15:39:44.455179,2025-12-10 18:51:44.455179,47.55,9.13,Completed
TXN-10270,ST-102,2025-12-15 12:58:44.455179,2025-12-15 16:06:44.455179,28.91,6.34,Completed
TXN-10271,ST-101,2025-12-15 06:49:44.455179,2025-12-15 08:17:44.455179,62.68,11.4,Completed
TXN-10272,ST-101,2026-01-08 15:14:44.455179,2026-01-08 15:39:44.455179,8.09,3.21,Completed
TXN-10273,ST-102,2025-12-22 03:39:44.455179,2025-12-22 06:15:44.455179,60.34,11.05,Completed
TXN-10274,ST-101,2025-12-23 02:18:44.455179,2025-12-23 04:15:44.455179,58.72,10.81,Completed
TXN-10275,ST-101,2026-01-03 07:00:44.455179,2026-01-03 09:03:44.455179,79.08,13.86,Completed
TXN-10276,ST-104,2025-12-26 13:33:44.455179,2025-12-26 16:43:44.455179,103.06,17.46,Completed
TXN-10277,ST-104,2026-01-08 02:29:44.455179,2026-01-08 04:11:44.455179,25.41,5.81,Completed
TXN-10278,ST-102,2025-12-23 05:42:44.455179,2025-12-23 06:38:44.455179,29.49,6.42,Failed
TXN-10279,ST-101,2025-12-28 16:56:44.455179,2025-12-28 18:38:44.455179,33.13,6.97,Completed
TXN-10280,ST-101,2026-01-03 03:32:44.455179,2026-01-03 06:18:44.455179,42.14,8.32,Completed
TXN-10281,ST-101,2025-12-30 02:29:44.455179,2025-12-30 05:18:44.455179,78.35,13.75,Completed
TXN-10282,ST-104,2025-12-27 01:30:44.455179,2025-12-27 03:15:44.455179,48.51,9.28,Failed
TXN-10283,ST-100,2026-01-03 07:16:44.455179,2026-01-03 08:12:44.455179,35.9,7.38,Completed
TXN-10284,ST-100,2026-01-08 11:50:44.455179,2026-01-08 13:16:44.455179,15.71,4.36,Completed
TXN-10285,ST-101,2026-01-03 04:10:44.455179,2026-01-03 04:46:44.455179,20.64,5.1,Completed
TXN-10286,ST-100,2025-12-27 10:01:44.455179,2025-12-27 12:56:44.455179,32.5,6.88,Completed
TXN-10287,ST-101,2025-12-27 01:30:44.455179,2025-12-27 05:03:44.455179,165.68,26.85,Completed
TXN-10288,ST-104,2025-12-21 04:50:44.455179,2025-12-21 06:12:44.455179,44.07,8.61,Completed
TXN-10289,ST-100,2025-12-31 10:18:44.455179,2025-12-31 10:47:44.455179,19.71,4.96,Failed
TXN-10290,ST-103,2025-12-23 07:59:44.455179,2025-12-23 08:35:44.455179,17.9,4.68,Completed
TXN-10291,ST-100,2025-12-18 15:17:44.455179,2025-12-18 19:11:44.455179,61.54,11.23,Completed
TXN-10292,ST-104,2025-12-10 03:08:44.455179,2025-12-10 05:41:44.455179,53.76,10.06,Completed
TXN-10293,ST-103,2026-01-08 12:31:44.455179,2026-01-08 15:30:44.455179,93.57,16.04,Refunded
TXN-10294,ST-104,2025-12-30 03:59:44.455179,2025-12-30 06:28:44.455179,106.99,18.05,Completed
TXN-10295,ST-103,2025-12-26 15:19:44.455179,2025-12-26 17:45:44.455179,42.96,8.44,Failed
TXN-10296,ST-102,2025-12-31 07:58:44.455179,2025-12-31 09:01:44.455179,47.43,9.11,Completed
TXN-10297,ST-104,2025-12-19 10:57:44.455179,2025-12-19 13:19:44.455179,65.7,11.86,Completed
TXN-10298,ST-100,2025-12-19 04:52:44.455179,2025-12-19 06:04:44.455179,36.0,7.4,Completed
TXN-10299,ST-102,2025-12-18 11:04:44.455179,2025-12-18 14:08:44.455179,61.07,11.16,Completed
TXN-10300,ST-100,2026-01-05 06:57:44.455179,2026-01-05 09:22:44.455179,37.57,7.64,Completed
TXN-10301,ST-101,2026-01-02 04:46:44.455179,2026-01-02 07:41:44.455179,33.37,7.01,Refunded
TXN-10302,ST-103,2025-12-13 16:21:44.455179,2025-12-13 18:37:44.455179,88.07,15.21,Completed
TXN-10303,ST-101,2026-01-09 17:21:44.455179,2026-01-09 19:49:44.455179,57.14,10.57,Failed
TXN-10304,ST-104,2025-12-11 00:48:44.455179,2025-12-11 02:24:44.455179,64.13,11.62,Completed
TXN-10305,ST-103,2026-01-02 15:13:44.455179,2026-01-02 18:21:44.455179,120.33,20.05,Completed
TXN-10306,ST-104,2025-12-22 09:42:44.455179,2025-12-22 13:37:44.455179,29.94,6.49,Completed
TXN-10307,ST-101,2026-01-01 07:43:44.455179,2026-01-01 11:19:44.455179,146.86,24.03,Completed
TXN-10308,ST-101,2025-12-15 09:19:44.455179,2025-12-15 12:02:44.455179,116.15,19.42,Refunded
TXN-10309,ST-100,2025-12-11 15:42:44.455179,2025-12-11 17:52:44.455179,41.2,8.18,Completed
TXN-10310,ST-104,2026-01-03 16:11:44.455179,2026-01-03 19:41:44.455179,167.84,27.18,Completed
TXN-10311,ST-101,2025-12-28 12:45:44.455179,2025-12-28 16:21:44.455179,72.31,12.85,Completed
TXN-10312,ST-102,2025-12-19 00:37:44.455179,2025-12-19 03:20:44.455179,63.5,11.53,Completed
TXN-10313,ST-102,2025-12-21 11:29:44.455179,2025-12-21 13:31:44.455179,45.33,8.8,Completed
TXN-10314,ST-100,2025-12-29 17:05:44.455179,2025-12-29 18:42:44.455179,56.02,10.4,Failed
TXN-10315,ST-104,2025-12-27 13:04:44.455179,2025-12-27 15:46:44.455179,89.25,15.39,Completed
TXN-10316,ST-102,2025-12-14 11:13:44.455179,2025-12-14 12:39:44.455179,63.1,11.46,Completed
TXN-10317,ST-100,2026-01-01 14:07:44.455179,2026-01-01 17:15:44.455179,138.68,22.8,Completed
TXN-10318,ST-101,2026-01-09 02:04:44.455179,2026-01-09 05:40:44.455179,54.5,10.17,Failed
TXN-10319,ST-103,2025-12-17 16:44:44.455179,2025-12-17 18:58:44.455179,17.73,4.66,Completed
TXN-10320,ST-102,2025-12-24 02:36:44.455179,2025-12-24 06:34:44.455179,44.44,8.67,Completed
TXN-10321,ST-104,2025-12-14 08:47:44.455179,2025-12-14 09:22:44.455179,15.11,4.27,Completed
TXN-10322,ST-104,2025-12-10 10:31:44.455179,2025-12-10 13:00:44.455179,88.26,15.24,Completed
TXN-10323,ST-101,2026-01-08 06:12:44.455179,2026-01-08 08:59:44.455179,36.15,7.42,Completed
TXN-10324,ST-102,2025-12-27 05:13:44.455179,2025-12-27 08:54:44.455179,25.87,5.88,Completed
TXN-10325,ST-102,2026-01-09 12:19:44.455179,2026-01-09 15:45:44.455179,110.27,18.54,Completed
TXN-10326,ST-104,2025-12-15 01:23:44.455179,2025-12-15 02:56:44.455179,72.04,12.81,Completed
TXN-10327,ST-103,2025-12-27 12:04:44.455179,2025-12-27 12:50:44.455179,15.29,4.29,Completed
TXN-10328,ST-100,2025-12-19 07:04:44.455179,2025-12-19 09:53:44.455179,64.85,11.73,Completed
TXN-10329,ST-100,2026-01-05 17:18:44.455179,2026-01-05 18:06:44.455179,15.13,4.27,Refunded
TXN-10330,ST-102,2026-01-04 14:48:44.455179,2026-01-04 18:25:44.455179,55.38,10.31,Completed
TXN-10331,ST-104,2026-01-08 03:55:44.455179,2026-01-08 06:26:44.455179,66.51,11.98,Completed
TXN-10332,ST-101,2026-01-02 13:22:44.455179,2026-01-02 15:22:44.455179,53.09,9.96,Completed
TXN-10333,ST-101,2025-12-17 06:25:44.455179,2025-12-17 09:34:44.455179,67.78,12.17,Completed
TXN-10334,ST-100,2025-12-30 01:10:44.455179,2025-12-30 01:32:44.455179,4.37,2.66,Failed
TXN-10335,ST-104,2025-12-26 12:32:44.455179,2025-12-26 15:46:44.455179,24.49,5.67,Completed
TXN-10336,ST-101,2025-12-29 09:03:44.455179,2025-12-29 11:57:44.455179,57.0,10.55,Completed
TXN-10337,ST-100,2026-01-09 15:09:44.455179,2026-01-09 18:04:44.455179,121.79,20.27,Completed
TXN-10338,ST-102,2025-12-12 17:32:44.455179,2025-12-12 19:09:44.455179,10.92,3.64,Completed
TXN-10339,ST-104,2025-12-31 07:24:44.455179,2025-12-31 11:03:44.455179,63.06,11.46,Completed
TXN-10340,ST-100,2025-12-16 13:14:44.455179,2025-12-16 13:35:44.455179,10.53,3.58,Completed
TXN-10341,ST-102,2026-01-04 06:31:44.455179,2026-01-04 09:17:44.455179,87.39,15.11,Completed
TXN-10342,ST-101,2025-12-20 02:33:44.455179,2025-12-20 02:53:44.455179,6.92,3.04,Failed
TXN-10343,ST-100,2025-12-31 08:42:44.455179,2025-12-31 10:17:44.455179,64.51,11.68,Completed
TXN-10344,ST-100,2025-12-19 09:13:44.455179,2025-12-19 11:38:44.455179,32.04,6.81,Completed
TXN-10345,ST-101,2026-01-01 01:25:44.455179,2026-01-01 04:37:44.455179,31.51,6.73,Completed
TXN-10346,ST-100,2025-12-18 12:00:44.455179,2025-12-18 15:08:44.455179,114.74,19.21,Completed
TXN-10347,ST-100,2025-12-21 01:20:44.455179,2025-12-21 02:41:44.455179,32.49,6.87,Completed
TXN-10348,ST-103,2026-01-09 16:22:44.455179,2026-01-09 20:05:44.455179,125.77,20.87,Refunded
TXN-10349,ST-103,2026-01-01 13:53:44.455179,2026-01-01 17:31:44.455179,87.59,15.14,Completed
TXN-10350,ST-103,2025-12-14 02:19:44.455179,2025-12-14 03:20:44.455179,12.95,3.94,Completed
TXN-10351,ST-104,2025-12-15 12:19:44.455179,2025-12-15 16:00:44.455179,167.94,27.19,Completed
TXN-10352,ST-101,2026-01-02 12:33:44.455179,2026-01-02 16:16:44.455179,149.03,24.35,Completed
TXN-10353,ST-102,2025-12-24 04:18:44.455179,2025-12-24 05:19:44.455179,43.77,8.57,Completed
TXN-10354,ST-104,2025-12-12 14:18:44.455179,2025-12-12 15:43:44.455179,36.24,7.44,Completed
TXN-10355,ST-102,2025-12-15 08:38:44.455179,2025-12-15 10:37:44.455179,15.74,4.36,Completed
TXN-10356,ST-100,2025-12-28 04:38:44.455179,2025-12-28 08:28:44.455179,49.76,9.46,Completed
TXN-10357,ST-100,2026-01-06 08:43:44.455179,2026-01-06 10:01:44.455179,59.99,11.0,Completed
TXN-10358,ST-103,2026-01-03 14:04:44.455179,2026-01-03 16:08:44.455179,25.9,5.88,Completed
TXN-10359,ST-101,2025-12-14 14:55:44.455179,2025-12-14 16:10:44.455179,52.06,9.81,Completed
TXN-10360,ST-104,2025-12-11 14:37:44.455179,2025-12-11 15:38:44.455179,24.63,5.69,Completed
TXN-10361,ST-101,2025-12-12 03:48:44.455179,2025-12-12 06:55:44.455179,139.54,22.93,Completed
TXN-10362,ST-104,2025-12-10 11:08:44.455179,2025-12-10 13:27:44.455179,72.23,12.83,Completed
TXN-10363,ST-103,2025-12-24 11:46:44.455179,2025-12-24 14:30:44.455179,95.85,16.38,Completed
TXN-10364,ST-104,2025-12-20 09:28:44.455179,2025-12-20 10:13:44.455179,31.72,6.76,Completed
TXN-10365,ST-103,2025-12-25 10:17:44.455179,2025-12-25 13:50:44.455179,167.15,27.07,Completed
TXN-10366,ST-101,2025-12-30 08:12:44.455179,2025-12-30 09:50:44.455179,62.25,11.34,Completed
TXN-10367,ST-101,2026-01-07 01:53:44.455179,2026-01-07 03:04:44.455179,42.69,8.4,Completed
TXN-10368,ST-104,2025-12-25 07:43:44.455179,2025-12-25 08:38:44.455179,24.21,5.63,Completed
TXN-10369,ST-102,2025-12-14 17:01:44.455179,2025-12-14 19:10:44.455179,81.91,14.29,Completed
TXN-10370,ST-103,2026-01-07 17:20:44.455179,2026-01-07 20:13:44.455179,137.16,22.57,Completed
TXN-10371,ST-104,2025-12-10 13:05:44.455179,2025-12-10 15:14:44.455179,81.25,14.19,Completed
TXN-10372,ST-104,2026-01-08 15:42:44.455179,2026-01-08 18:57:44.455179,96.87,16.53,Completed
TXN-10373,ST-102,2025-12-25 09:50:44.455179,2025-12-25 11:22:44.455179,12.51,3.88,Completed
TXN-10374,ST-100,2026-01-08 02:57:44.455179,2026-01-08 03:19:44.455179,7.83,3.17,Completed
TXN-10375,ST-102,2026-01-06 15:12:44.455179,2026-01-06 18:37:44.455179,33.01,6.95,Failed
TXN-10376,ST-101,2026-01-01 04:17:44.455179,2026-01-01 05:08:44.455179,38.54,7.78,Failed
TXN-10377,ST-101,2025-12-29 00:43:44.455179,2025-12-29 03:09:44.455179,32.71,6.91,Refunded
TXN-10378,ST-102,2025-12-15 06:20:44.455179,2025-12-15 09:04:44.455179,99.65,16.95,Completed
TXN-10379,ST-103,2025-12-16 13:07:44.455179,2025-12-16 13:57:44.455179,8.75,3.31,Refunded
TXN-10380,ST-104,2025-12-17 11:31:44.455179,2025-12-17 15:14:44.455179,23.06,5.46,Completed
TXN-10381,ST-103,2025-12-18 11:44:44.455179,2025-12-18 14:09:44.455179,58.82,10.82,Completed
TXN-10382,ST-100,2025-12-12 06:40:44.455179,2025-12-12 08:02:44.455179,25.64,5.85,Completed
TXN-10383,ST-100,2025-12-10 10:39:44.455179,2025-12-10 13:57:44.455179,134.06,22.11,Completed
TXN-10384,ST-101,2025-12-27 01:26:44.455179,2025-12-27 04:51:44.455179,120.61,20.09,Failed
TXN-10385,ST-103,2025-12-13 06:45:44.455179,2025-12-13 07:43:44.455179,21.11,5.17,Completed
TXN-10386,ST-103,2025-12-29 10:50:44.455179,2025-12-29 11:17:44.455179,3.66,2.55,Refunded
TXN-10387,ST-102,2025-12-22 03:59:44.455179,2025-12-22 06:25:44.455179,24.02,5.6,Completed
TXN-10388,ST-100,2026-01-01 12:50:44.455179,2026-01-01 15:31:44.455179,95.02,16.25,Completed
TXN-10389,ST-100,2025-12-30 03:14:44.455179,2025-12-30 06:10:44.455179,43.96,8.59,Completed
TXN-10390,ST-101,2026-01-04 14:56:44.455179,2026-01-04 17:35:44.455179,29.42,6.41,Completed
TXN-10391,ST-100,2026-01-01 06:38:44.455179,2026-01-01 09:32:44.455179,69.25,12.39,Completed
TXN-10392,ST-100,2026-01-05 00:37:44.455179,2026-01-05 02:04:44.455179,37.14,7.57,Completed
TXN-10393,ST-104,2025-12-28 04:54:44.455179,2025-12-28 08:09:44.455179,137.7,22.65,Refunded
TXN-10394,ST-100,2025-12-26 04:11:44.455179,2025-12-26 06:58:44.455179,74.19,13.13,Completed
TXN-10395,ST-102,2025-12-23 10:36:44.455179,2025-12-23 13:28:44.455179,81.99,14.3,Completed
TXN-10396,ST-104,2025-12-12 15:52:44.455179,2025-12-12 19:40:44.455179,45.62,8.84,Completed
TXN-10397,ST-103,2025-12-31 04:10:44.455179,2025-12-31 06:52:44.455179,117.55,19.63,Completed
TXN-10398,ST-102,2026-01-04 16:27:44.455179,2026-01-04 18:58:44.455179,31.18,6.68,Completed
TXN-10399,ST-101,2026-01-01 01:56:44.455179,2026-01-01 02:31:44.455179,19.07,4.86,Completed
TXN-10400,ST-100,2026-01-02 13:27:44.455179,2026-01-02 13:58:44.455179,5.91,2.89,Completed
TXN-10401,ST-101,2026-01-05 15:29:44.455179,2026-01-05 16:21:44.455179,25.73,5.86,Completed
TXN-10402,ST-102,2025-12-26 11:50:44.455179,2025-12-26 12:50:44.455179,47.77,9.17,Failed
TXN-10403,ST-103,2025-12-12 14:39:44.455179,2025-12-12 18:29:44.455179,165.65,26.85,Completed
TXN-10404,ST-103,2025-12-15 16:44:44.455179,2025-12-15 18:19:44.455179,57.18,10.58,Completed
TXN-10405,ST-104,2026-01-02 17:26:44.455179,2026-01-02 19:34:44.455179,92.46,15.87,Completed
TXN-10406,ST-104,2025-12-11 07:13:44.455179,2025-12-11 09:52:44.455179,47.63,9.14,Completed
TXN-10407,ST-102,2025-12-27 08:39:44.455179,2025-12-27 10:53:44.455179,73.95,13.09,Failed
TXN-10408,ST-103,2026-01-07 12:19:44.455179,2026-01-07 13:37:44.455179,37.13,7.57,Completed
TXN-10409,ST-100,2025-12-22 10:09:44.455179,2025-12-22 10:45:44.455179,28.78,6.32,Completed
TXN-10410,ST-104,2025-12-15 05:27:44.455179,2025-12-15 08:15:44.455179,67.6,12.14,Completed
TXN-10411,ST-104,2025-12-23 17:25:44.455179,2025-12-23 18:53:44.455179,31.65,6.75,Refunded
TXN-10412,ST-102,2025-12-15 12:14:44.455179,2025-12-15 14:26:44.455179,68.65,12.3,Completed
TXN-10413,ST-101,2026-01-08 08:55:44.455179,2026-01-08 10:45:44.455179,30.44,6.57,Completed
TXN-10414,ST-103,2025-12-30 15:23:44.455179,2025-12-30 18:18:44.455179,100.29,17.04,Completed
TXN-10415,ST-104,2025-12-31 11:48:44.455179,2025-12-31 13:15:44.455179,16.1,4.42,Completed
TXN-10416,ST-102,2026-01-09 06:04:44.455179,2026-01-09 07:49:44.455179,83.66,14.55,Completed
TXN-10417,ST-100,2025-12-21 08:02:44.455179,2025-12-21 09:39:44.455179,29.96,6.49,Completed
TXN-10418,ST-103,2025-12-29 07:11:44.455179,2025-12-29 08:39:44.455179,67.63,12.14,Completed
TXN-10419,ST-100,2025-12-22 01:43:44.455179,2025-12-22 05:14:44.455179,86.63,14.99,Completed
TXN-10420,ST-101,2026-01-02 01:05:44.455179,2026-01-02 03:52:44.455179,120.77,20.12,Completed
TXN-10421,ST-102,2025-12-11 17:08:44.455179,2025-12-11 18:17:44.455179,16.59,4.49,Completed
TXN-10422,ST-100,2025-12-17 10:26:44.455179,2025-12-17 12:55:44.455179,68.1,12.21,Completed
TXN-10423,ST-103,2025-12-31 05:38:44.455179,2025-12-31 06:54:44.455179,23.48,5.52,Completed
TXN-10424,ST-104,2025-12-16 09:25:44.455179,2025-12-16 10:41:44.455179,30.31,6.55,Completed
TXN-10425,ST-100,2026-01-04 01:47:44.455179,2026-01-04 03:15:44.455179,39.43,7.91,Completed
TXN-10426,ST-103,2025-12-30 13:29:44.455179,2025-12-30 16:46:44.455179,48.39,9.26,Completed
TXN-10427,ST-102,2025-12-30 12:53:44.455179,2025-12-30 15:32:44.455179,53.61,10.04,Completed
TXN-10428,ST-100,2025-12-31 07:56:44.455179,2025-12-31 09:30:44.455179,44.5,8.68,Refunded
TXN-10429,ST-103,2025-12-15 07:39:44.455179,2025-12-15 11:18:44.455179,121.09,20.16,Completed
TXN-10430,ST-102,2025-12-26 07:32:44.455179,2025-12-26 11:05:44.455179,169.42,27.41,Completed
TXN-10431,ST-104,2025-12-22 16:20:44.455179,2025-12-22 20:04:44.455179,169.37,27.41,Completed
TXN-10432,ST-103,2025-12-21 05:20:44.455179,2025-12-21 08:00:44.455179,35.97,7.4,Completed
TXN-10433,ST-104,2025-12-19 01:39:44.455179,2025-12-19 03:44:44.455179,86.29,14.94,Completed
TXN-10434,ST-102,2025-12-21 10:55:44.455179,2025-12-21 12:35:44.455179,37.03,7.55,Completed
TXN-10435,ST-103,2026-01-05 10:13:44.455179,2026-01-05 13:09:44.455179,65.58,11.84,Failed
TXN-10436,ST-104,2025-12-26 03:39:44.455179,2025-12-26 06:40:44.455179,135.73,22.36,Completed
TXN-10437,ST-100,2025-12-12 12:21:44.455179,2025-12-12 15:29:44.455179,88.95,15.34,Completed
TXN-10438,ST-103,2026-01-01 15:27:44.455179,2026-01-01 17:07:44.455179,73.69,13.05,Completed
TXN-10439,ST-102,2025-12-12 10:23:44.455179,2025-12-12 12:04:44.455179,34.59,7.19,Completed
TXN-10440,ST-104,2026-01-02 05:42:44.455179,2026-01-02 06:56:44.455179,19.27,4.89,Completed
TXN-10441,ST-101,2026-01-04 06:44:44.455179,2026-01-04 10:36:44.455179,166.79,27.02,Completed
TXN-10442,ST-103,2025-12-31 03:07:44.455179,2025-12-31 06:57:44.455179,173.98,28.1,Failed
TXN-10443,ST-101,2025-12-25 17:28:44.455179,2025-12-25 21:06:44.455179,173.14,27.97,Completed
TXN-10444,ST-101,2025-12-16 02:37:44.455179,2025-12-16 04:13:44.455179,20.69,5.1,Completed
TXN-10445,ST-101,2026-01-02 05:09:44.455179,2026-01-02 07:57:44.455179,50.4,9.56,Failed
TXN-10446,ST-101,2025-12-23 07:12:44.455179,2025-12-23 08:31:44.455179,52.56,9.88,Completed
TXN-10447,ST-103,2025-12-23 03:16:44.455179,2025-12-23 03:46:44.455179,14.44,4.17,Completed
TXN-10448,ST-104,2025-12-11 07:48:44.455179,2025-12-11 09:10:44.455179,64.66,11.7,Completed
TXN-10449,ST-104,2025-12-20 16:24:44.455179,2025-12-20 16:57:44.455179,11.74,3.76,Completed
TXN-10450,ST-104,2025-12-14 15:17:44.455179,2025-12-14 16:08:44.455179,11.86,3.78,Completed
TXN-10451,ST-100,2026-01-03 06:57:44.455179,2026-01-03 09:12:44.455179,22.01,5.3,Completed
TXN-10452,ST-100,2025-12-23 07:21:44.455179,2025-12-23 08:02:44.455179,24.82,5.72,Completed
TXN-10453,ST-103,2025-12-31 14:51:44.455179,2025-12-31 16:12:44.455179,43.89,8.58,Completed
TXN-10454,ST-100,2026-01-03 15:11:44.455179,2026-01-03 17:51:44.455179,70.09,12.51,Completed
TXN-10455,ST-104,2025-12-24 12:56:44.455179,2025-12-24 13:35:44.455179,10.65,3.6,Completed
TXN-10456,ST-104,2025-12-26 16:17:44.455179,2025-12-26 17:23:44.455179,9.01,3.35,Completed
TXN-10457,ST-101,2025-12-15 08:33:44.455179,2025-12-15 12:19:44.455179,87.9,15.19,Completed
TXN-10458,ST-102,2026-01-09 02:43:44.455179,2026-01-09 05:01:44.455179,53.39,10.01,Completed
TXN-10459,ST-104,2025-12-18 07:42:44.455179,2025-12-18 10:10:44.455179,63.55,11.53,Completed
TXN-10460,ST-102,2025-12-10 06:50:44.455179,2025-12-10 10:41:44.455179,163.46,26.52,Completed
TXN-10461,ST-100,2025-12-18 03:14:44.455179,2025-12-18 04:33:44.455179,38.56,7.78,Completed
TXN-10462,ST-103,2026-01-07 00:42:44.455179,2026-01-07 01:04:44.455179,15.21,4.28,Completed
TXN-10463,ST-102,2025-12-20 14:27:44.455179,2025-12-20 15:19:44.455179,19.61,4.94,Completed
TXN-10464,ST-101,2025-12-29 16:23:44.455179,2025-12-29 18:49:44.455179,82.63,14.39,Completed
TXN-10465,ST-100,2025-12-28 13:32:44.455179,2025-12-28 16:14:44.455179,127.39,21.11,Completed
TXN-10466,ST-103,2025-12-10 03:33:44.455179,2025-12-10 05:32:44.455179,64.37,11.66,Completed
TXN-10467,ST-100,2025-12-19 03:41:44.455179,2025-12-19 06:33:44.455179,130.19,21.53,Completed
TXN-10468,ST-101,2025-12-12 09:33:44.455179,2025-12-12 10:07:44.455179,8.16,3.22,Completed
TXN-10469,ST-104,2025-12-14 16:12:44.455179,2025-12-14 20:08:44.455179,126.15,20.92,Completed
TXN-10470,ST-103,2025-12-31 09:52:44.455179,2025-12-31 13:49:44.455179,183.65,29.55,Refunded
TXN-10471,ST-101,2025-12-22 07:00:44.455179,2025-12-22 08:07:44.455179,24.49,5.67,Completed
TXN-10472,ST-101,2025-12-27 07:40:44.455179,2025-12-27 09:30:44.455179,27.86,6.18,Completed
TXN-10473,ST-100,2026-01-05 01:46:44.455179,2026-01-05 05:12:44.455179,148.46,24.27,Completed
TXN-10474,ST-101,2025-12-17 06:47:44.455179,2025-12-17 08:26:44.455179,69.17,12.38,Completed
TXN-10475,ST-103,2025-12-22 04:51:44.455179,2025-12-22 06:39:44.455179,66.02,11.9,Failed
TXN-10476,ST-103,2026-01-04 10:16:44.455179,2026-01-04 11:21:44.455179,28.17,6.23,Completed
TXN-10477,ST-103,2025-12-21 14:13:44.455179,2025-12-21 18:09:44.455179,158.36,25.75,Failed
TXN-10478,ST-100,2026-01-06 09:53:44.455179,2026-01-06 11:53:44.455179,34.91,7.24,Completed
TXN-10479,ST-102,2025-12-16 14:52:44.455179,2025-12-16 15:39:44.455179,11.71,3.76,Completed
TXN-10480,ST-101,2025-12-24 03:04:44.455179,2025-12-24 04:18:44.455179,36.67,7.5,Completed
TXN-10481,ST-102,2025-12-16 06:14:44.455179,2025-12-16 07:09:44.455179,37.64,7.65,Completed
TXN-10482,ST-101,2025-12-26 10:56:44.455179,2025-12-26 11:55:44.455179,20.13,5.02,Completed
TXN-10483,ST-103,2025-12-22 09:00:44.455179,2025-12-22 09:53:44.455179,12.65,3.9,Completed
TXN-10484,ST-104,2026-01-01 03:42:44.455179,2026-01-01 04:06:44.455179,12.87,3.93,Completed
TXN-10485,ST-102,2025-12-27 17:25:44.455179,2025-12-27 19:47:44.455179,17.82,4.67,Completed
TXN-10486,ST-102,2025-12-11 02:27:44.455179,2025-12-11 04:00:44.455179,38.36,7.75,Completed
TXN-10487,ST-103,2025-12-28 06:56:44.455179,2025-12-28 08:40:44.455179,43.4,8.51,Completed
TXN-10488,ST-101,2026-01-05 04:15:44.455179,2026-01-05 05:31:44.455179,28.91,6.34,Completed
TXN-10489,ST-101,2025-12-18 02:59:44.455179,2025-12-18 03:50:44.455179,21.6,5.24,Completed
TXN-10490,ST-103,2025-12-30 14:16:44.455179,2025-12-30 18:14:44.455179,95.12,16.27,Completed
TXN-10491,ST-101,2026-01-09 07:20:44.455179,2026-01-09 09:55:44.455179,120.43,20.06,Completed
TXN-10492,ST-103,2025-12-29 08:04:44.455179,2025-12-29 11:26:44.455179,46.82,9.02,Completed
TXN-10493,ST-103,2025-12-11 00:54:44.455179,2025-12-11 02:11:44.455179,14.27,4.14,Failed
TXN-10494,ST-102,2026-01-05 14:28:44.455179,2026-01-05 16:18:44.455179,87.43,15.11,Completed
TXN-10495,ST-102,2025-12-16 02:23:44.455179,2025-12-16 05:02:44.455179,94.09,16.11,Completed
TXN-10496,ST-104,2025-12-28 09:43:44.455179,2025-12-28 12:35:44.455179,137.59,22.64,Completed
TXN-10497,ST-101,2025-12-27 10:37:44.455179,2025-12-27 10:58:44.455179,7.01,3.05,Completed
TXN-10498,ST-103,2025-12-18 11:14:44.455179,2025-12-18 12:44:44.455179,31.31,6.7,Completed
TXN-10499,ST-102,2025-12-28 04:02:44.455179,2025-12-28 06:53:44.455179,60.06,11.01,Completed
TXN-10500,ST-101,2026-01-03 01:21:44.455179,2026-01-03 02:34:44.455179,32.94,6.94,Completed
TXN-10501,ST-103,2025-12-10 16:51:44.455179,2025-12-10 18:24:44.455179,70.21,12.53,Refunded
TXN-10502,ST-100,2025-12-16 04:29:44.455179,2025-12-16 07:21:44.455179,92.69,15.9,Completed
TXN-10503,ST-100,2026-01-02 07:25:44.455179,2026-01-02 08:31:44.455179,8.72,3.31,Completed
TXN-10504,ST-101,2025-12-22 05:01:44.455179,2025-12-22 06:40:44.455179,19.4,4.91,Completed
TXN-10505,ST-102,2025-12-17 14:02:44.455179,2025-12-17 16:56:44.455179,23.06,5.46,Completed
TXN-10506,ST-103,2025-12-29 12:39:44.455179,2025-12-29 15:50:44.455179,59.06,10.86,Completed
TXN-10507,ST-100,2025-12-24 17:02:44.455179,2025-12-24 19:32:44.455179,50.12,9.52,Completed
TXN-10508,ST-102,2025-12-20 03:12:44.455179,2025-12-20 05:01:44.455179,38.41,7.76,Completed
TXN-10509,ST-104,2026-01-03 07:00:44.455179,2026-01-03 09:49:44.455179,33.9,7.08,Completed
TXN-10510,ST-102,2025-12-26 01:29:44.455179,2025-12-26 04:10:44.455179,106.61,17.99,Refunded
TXN-10511,ST-104,2026-01-04 04:08:44.455179,2026-01-04 06:53:44.455179,128.54,21.28,Completed
TXN-10512,ST-101,2025-12-16 16:19:44.455179,2025-12-16 17:35:44.455179,13.97,4.1,Completed
TXN-10513,ST-100,2025-12-30 07:56:44.455179,2025-12-30 09:47:44.455179,14.94,4.24,Completed
TXN-10514,ST-103,2026-01-02 13:06:44.455179,2026-01-02 14:57:44.455179,49.89,9.48,Completed
TXN-10515,ST-104,2025-12-19 07:23:44.455179,2025-12-19 11:21:44.455179,96.13,16.42,Completed
TXN-10516,ST-102,2025-12-22 01:02:44.455179,2025-12-22 04:32:44.455179,119.82,19.97,Completed
TXN-10517,ST-102,2025-12-27 10:14:44.455179,2025-12-27 12:20:44.455179,22.49,5.37,Completed
TXN-10518,ST-104,2025-12-23 16:49:44.455179,2025-12-23 18:41:44.455179,34.9,7.23,Failed
TXN-10519,ST-104,2025-12-11 00:42:44.455179,2025-12-11 03:20:44.455179,25.61,5.84,Completed
TXN-10520,ST-101,2025-12-28 04:00:44.455179,2025-12-28 06:07:44.455179,84.33,14.65,Completed
TXN-10521,ST-103,2025-12-12 00:43:44.455179,2025-12-12 01:30:44.455179,10.62,3.59,Completed
TXN-10522,ST-101,2025-12-23 15:15:44.455179,2025-12-23 17:38:44.455179,70.57,12.59,Completed
TXN-10523,ST-103,2025-12-27 12:05:44.455179,2025-12-27 15:00:44.455179,40.33,8.05,Completed
TXN-10524,ST-100,2025-12-11 12:12:44.455179,2025-12-11 14:05:44.455179,71.49,12.72,Completed
TXN-10525,ST-101,2025-12-19 09:29:44.455179,2025-12-19 10:42:44.455179,13.19,3.98,Completed
TXN-10526,ST-104,2025-12-11 12:45:44.455179,2025-12-11 16:23:44.455179,81.65,14.25,Failed
TXN-10527,ST-100,2025-12-21 11:59:44.455179,2025-12-21 15:29:44.455179,121.1,20.16,Completed
TXN-10528,ST-102,2026-01-08 03:15:44.455179,2026-01-08 06:01:44.455179,30.99,6.65,Completed
TXN-10529,ST-101,2025-12-19 02:46:44.455179,2025-12-19 03:30:44.455179,23.82,5.57,Completed
TXN-10530,ST-103,2025-12-31 01:11:44.455179,2025-12-31 04:57:44.455179,156.94,25.54,Completed
TXN-10531,ST-103,2025-12-23 08:36:44.455179,2025-12-23 10:05:44.455179,46.69,9.0,Completed
TXN-10532,ST-100,2025-12-27 06:01:44.455179,2025-12-27 08:04:44.455179,22.33,5.35,Completed
TXN-10533,ST-102,2025-12-15 11:08:44.455179,2025-12-15 12:03:44.455179,38.98,7.85,Completed
TXN-10534,ST-102,2025-12-29 02:36:44.455179,2025-12-29 06:34:44.455179,129.82,21.47,Completed
TXN-10535,ST-100,2025-12-10 12:20:44.455179,2025-12-10 14:20:44.455179,64.36,11.65,Completed
TXN-10536,ST-102,2025-12-10 12:24:44.455179,2025-12-10 15:26:44.455179,88.58,15.29,Completed
TXN-10537,ST-100,2025-12-30 15:34:44.455179,2025-12-30 18:52:44.455179,73.12,12.97,Refunded
TXN-10538,ST-102,2025-12-31 12:41:44.455179,2025-12-31 13:26:44.455179,30.86,6.63,Completed
TXN-10539,ST-103,2025-12-24 08:30:44.455179,2025-12-24 10:24:44.455179,28.91,6.34,Completed
TXN-10540,ST-104,2025-12-29 15:45:44.455179,2025-12-29 17:47:44.455179,36.99,7.55,Completed
TXN-10541,ST-103,2025-12-23 04:29:44.455179,2025-12-23 07:30:44.455179,107.42,18.11,Completed
TXN-10542,ST-102,2025-12-13 11:23:44.455179,2025-12-13 13:32:44.455179,102.97,17.45,Completed
TXN-10543,ST-100,2025-12-29 10:27:44.455179,2025-12-29 12:46:44.455179,55.79,10.37,Completed
TXN-10544,ST-104,2026-01-01 10:49:44.455179,2026-01-01 11:27:44.455179,17.03,4.55,Completed
TXN-10545,ST-100,2025-12-19 10:31:44.455179,2025-12-19 11:39:44.455179,10.89,3.63,Failed
TXN-10546,ST-102,2025-12-27 14:28:44.455179,2025-12-27 16:47:44.455179,42.28,8.34,Completed
TXN-10547,ST-102,2025-12-30 15:57:44.455179,2025-12-30 18:13:44.455179,71.23,12.68,Completed
TXN-10548,ST-103,2025-12-20 17:17:44.455179,2025-12-20 19:21:44.455179,24.67,5.7,Failed
TXN-10549,ST-100,2025-12-20 14:54:44.455179,2025-12-20 18:33:44.455179,35.12,7.27,Completed
TXN-10550,ST-102,2025-12-10 07:07:44.455179,2025-12-10 10:59:44.455179,57.58,10.64,Completed
TXN-10551,ST-101,2025-12-12 05:34:44.455179,2025-12-12 08:46:44.455179,78.72,13.81,Completed
TXN-10552,ST-100,2025-12-24 11:01:44.455179,2025-12-24 14:20:44.455179,22.89,5.43,Completed
TXN-10553,ST-103,2025-12-18 08:20:44.455179,2025-12-18 10:30:44.455179,85.09,14.76,Completed
TXN-10554,ST-103,2025-12-24 07:37:44.455179,2025-12-24 09:27:44.455179,53.26,9.99,Completed
TXN-10555,ST-103,2025-12-24 07:17:44.455179,2025-12-24 09:42:44.455179,79.67,13.95,Failed
TXN-10556,ST-102,2025-12-18 06:32:44.455179,2025-12-18 07:07:44.455179,12.87,3.93,Completed
TXN-10557,ST-101,2026-01-03 12:50:44.455179,2026-01-03 15:52:44.455179,144.77,23.72,Completed
TXN-10558,ST-102,2025-12-13 05:46:44.455179,2025-12-13 09:31:44.455179,158.96,25.84,Completed
TXN-10559,ST-100,2026-01-05 05:56:44.455179,2026-01-05 07:42:44.455179,78.79,13.82,Completed
TXN-10560,ST-102,2026-01-09 07:55:44.455179,2026-01-09 11:12:44.455179,25.95,5.89,Completed
TXN-10561,ST-100,2025-12-23 16:24:44.455179,2025-12-23 17:05:44.455179,14.74,4.21,Failed
TXN-10562,ST-103,2025-12-18 10:48:44.455179,2025-12-18 13:50:44.455179,44.98,8.75,Completed
TXN-10563,ST-103,2025-12-14 01:17:44.455179,2025-12-14 04:29:44.455179,144.48,23.67,Failed
TXN-10564,ST-101,2025-12-24 14:47:44.455179,2025-12-24 15:51:44.455179,24.52,5.68,Completed
TXN-10565,ST-100,2025-12-23 14:47:44.455179,2025-12-23 16:43:44.455179,52.9,9.93,Completed
TXN-10566,ST-103,2025-12-25 09:00:44.455179,2025-12-25 09:45:44.455179,16.17,4.43,Failed
TXN-10567,ST-101,2025-12-15 15:42:44.455179,2025-12-15 18:06:44.455179,102.29,17.34,Completed
TXN-10568,ST-104,2025-12-30 12:08:44.455179,2025-12-30 15:51:44.455179,126.93,21.04,Completed
TXN-10569,ST-102,2025-12-20 10:51:44.455179,2025-12-20 11:57:44.455179,14.35,4.15,Completed
TXN-10570,ST-100,2025-12-28 13:18:44.455179,2025-12-28 15:27:44.455179,19.35,4.9,Completed
TXN-10571,ST-100,2025-12-21 15:45:44.455179,2025-12-21 17:18:44.455179,25.52,5.83,Completed
TXN-10572,ST-101,2026-01-07 04:43:44.455179,2026-01-07 05:53:44.455179,16.36,4.45,Completed
TXN-10573,ST-103,2026-01-01 06:22:44.455179,2026-01-01 08:19:44.455179,50.66,9.6,Refunded
TXN-10574,ST-104,2025-12-18 08:42:44.455179,2025-12-18 10:40:44.455179,57.15,10.57,Completed
TXN-10575,ST-104,2025-12-17 16:26:44.455179,2025-12-17 19:30:44.455179,134.29,22.14,Completed
TXN-10576,ST-103,2025-12-13 08:56:44.455179,2025-12-13 09:59:44.455179,33.42,7.01,Completed
TXN-10577,ST-101,2025-12-30 12:12:44.455179,2025-12-30 14:47:44.455179,30.39,6.56,Completed
TXN-10578,ST-103,2025-12-28 11:03:44.455179,2025-12-28 13:44:44.455179,83.22,14.48,Completed
TXN-10579,ST-104,2025-12-23 03:02:44.455179,2025-12-23 05:16:44.455179,96.38,16.46,Completed
TXN-10580,ST-100,2026-01-04 05:11:44.455179,2026-01-04 05:31:44.455179,7.06,3.06,Completed
TXN-10581,ST-104,2026-01-04 15:30:44.455179,2026-01-04 17:03:44.455179,40.2,8.03,Completed
TXN-10582,ST-103,2025-12-29 15:36:44.455179,2025-12-29 16:22:44.455179,28.72,6.31,Completed
TXN-10583,ST-100,2025-12-18 11:58:44.455179,2025-12-18 14:22:44.455179,92.23,15.83,Completed
TXN-10584,ST-101,2026-01-02 13:41:44.455179,2026-01-02 17:31:44.455179,183.03,29.45,Completed
TXN-10585,ST-104,2026-01-06 13:11:44.455179,2026-01-06 14:14:44.455179,23.42,5.51,Failed
TXN-10586,ST-102,2026-01-04 02:49:44.455179,2026-01-04 05:29:44.455179,127.37,21.11,Completed
TXN-10587,ST-100,2025-12-10 11:03:44.455179,2025-12-10 11:47:44.455179,9.87,3.48,Completed
TXN-10588,ST-101,2025-12-19 05:57:44.455179,2025-12-19 08:02:44.455179,52.6,9.89,Completed
TXN-10589,ST-100,2025-12-22 08:55:44.455179,2025-12-22 09:37:44.455179,22.48,5.37,Completed
TXN-10590,ST-103,2026-01-03 11:02:44.455179,2026-01-03 12:53:44.455179,41.77,8.27,Completed
TXN-10591,ST-101,2025-12-30 07:36:44.455179,2025-12-30 09:00:44.455179,10.91,3.64,Completed
TXN-10592,ST-103,2025-12-18 04:51:44.455179,2025-12-18 07:22:44.455179,33.24,6.99,Completed
TXN-10593,ST-100,2025-12-13 05:21:44.455179,2025-12-13 08:48:44.455179,75.38,13.31,Completed
TXN-10594,ST-101,2025-12-18 12:06:44.455179,2025-12-18 14:36:44.455179,81.47,14.22,Refunded
TXN-10595,ST-102,2026-01-09 17:10:44.455179,2026-01-09 21:06:44.455179,139.5,22.93,Completed
TXN-10596,ST-104,2026-01-08 15:48:44.455179,2026-01-08 17:11:44.455179,18.42,4.76,Completed
TXN-10597,ST-104,2025-12-21 01:47:44.455179,2025-12-21 02:15:44.455179,17.83,4.67,Completed
TXN-10598,ST-100,2026-01-05 05:15:44.455179,2026-01-05 07:36:44.455179,15.03,4.25,Completed
TXN-10599,ST-100,2025-12-19 10:26:44.455179,2025-12-19 12:19:44.455179,73.14,12.97,Completed
TXN-10600,ST-104,2026-01-05 16:02:44.455179,2026-01-05 19:53:44.455179,122.26,20.34,Completed
TXN-10601,ST-101,2026-01-04 16:04:44.455179,2026-01-04 16:37:44.455179,14.92,4.24,Completed
TXN-10602,ST-101,2025-12-26 08:23:44.455179,2025-12-26 11:18:44.455179,116.35,19.45,Completed
TXN-10603,ST-103,2025-12-29 00:43:44.455179,2025-12-29 03:20:44.455179,104.0,17.6,Completed
TXN-10604,ST-100,2026-01-01 02:07:44.455179,2026-01-01 03:45:44.455179,77.14,13.57,Completed
TXN-10605,ST-101,2025-12-22 02:47:44.455179,2025-12-22 05:22:44.455179,91.17,15.68,Completed
TXN-10606,ST-100,2025-12-18 11:15:44.455179,2025-12-18 12:36:44.455179,30.53,6.58,Completed
TXN-10607,ST-104,2025-12-10 07:49:44.455179,2025-12-10 11:17:44.455179,70.97,12.65,Completed
TXN-10608,ST-103,2025-12-23 14:12:44.455179,2025-12-23 15:54:44.455179,33.04,6.96,Completed
TXN-10609,ST-102,2025-12-18 11:40:44.455179,2025-12-18 14:47:44.455179,83.89,14.58,Completed
TXN-10610,ST-103,2025-12-24 01:46:44.455179,2025-12-24 02:40:44.455179,38.26,7.74,Completed
TXN-10611,ST-102,2025-12-21 01:24:44.455179,2025-12-21 03:59:44.455179,43.24,8.49,Completed
TXN-10612,ST-103,2025-12-13 14:27:44.455179,2025-12-13 15:55:44.455179,69.57,12.44,Completed
TXN-10613,ST-100,2025-12-12 04:33:44.455179,2025-12-12 07:01:44.455179,62.27,11.34,Completed
TXN-10614,ST-102,2026-01-07 04:06:44.455179,2026-01-07 07:41:44.455179,168.35,27.25,Completed
TXN-10615,ST-104,2025-12-29 13:21:44.455179,2025-12-29 16:05:44.455179,37.54,7.63,Failed
TXN-10616,ST-102,2025-12-18 12:52:44.455179,2025-12-18 14:17:44.455179,61.19,11.18,Completed
TXN-10617,ST-104,2025-12-14 16:38:44.455179,2025-12-14 18:44:44.455179,34.42,7.16,Completed
TXN-10618,ST-103,2025-12-18 11:21:44.455179,2025-12-18 12:10:44.455179,15.13,4.27,Completed
TXN-10619,ST-100,2026-01-07 03:13:44.455179,2026-01-07 06:55:44.455179,111.01,18.65,Completed
TXN-10620,ST-100,2025-12-10 13:18:44.455179,2025-12-10 14:07:44.455179,17.17,4.58,Completed
TXN-10621,ST-104,2025-12-25 04:24:44.455179,2025-12-25 07:31:44.455179,138.11,22.72,Completed
TXN-10622,ST-103,2025-12-17 03:52:44.455179,2025-12-17 07:22:44.455179,97.12,16.57,Completed
TXN-10623,ST-100,2026-01-08 15:57:44.455179,2026-01-08 16:40:44.455179,9.13,3.37,Completed
TXN-10624,ST-102,2026-01-08 05:14:44.455179,2026-01-08 07:04:44.455179,78.53,13.78,Completed
TXN-10625,ST-101,2026-01-09 12:47:44.455179,2026-01-09 15:44:44.455179,45.88,8.88,Completed
TXN-10626,ST-101,2025-12-19 04:08:44.455179,2025-12-19 07:29:44.455179,142.25,23.34,Completed
TXN-10627,ST-104,2025-12-11 12:38:44.455179,2025-12-11 14:57:44.455179,68.13,12.22,Completed
TXN-10628,ST-104,2026-01-08 01:15:44.455179,2026-01-08 02:36:44.455179,33.49,7.02,Completed
TXN-10629,ST-100,2025-12-27 06:25:44.455179,2025-12-27 06:56:44.455179,3.84,2.58,Completed
TXN-10630,ST-103,2026-01-03 04:45:44.455179,2026-01-03 07:42:44.455179,22.16,5.32,Completed
TXN-10631,ST-104,2025-12-11 03:39:44.455179,2025-12-11 03:59:44.455179,3.55,2.53,Completed
TXN-10632,ST-104,2025-12-10 07:18:44.455179,2025-12-10 09:07:44.455179,83.37,14.51,Completed
TXN-10633,ST-100,2026-01-02 14:50:44.455179,2026-01-02 16:48:44.455179,23.05,5.46,Completed
TXN-10634,ST-102,2025-12-19 13:30:44.455179,2025-12-19 15:24:44.455179,75.18,13.28,Completed
TXN-10635,ST-102,2025-12-13 04:59:44.455179,2025-12-13 06:40:44.455179,53.66,10.05,Completed
TXN-10636,ST-102,2026-01-04 14:31:44.455179,2026-01-04 15:06:44.455179,21.42,5.21,Completed
TXN-10637,ST-102,2026-01-06 15:37:44.455179,2026-01-06 16:53:44.455179,57.34,10.6,Completed
TXN-10638,ST-101,2025-12-14 01:41:44.455179,2025-12-14 05:22:44.455179,174.0,28.1,Completed
TXN-10639,ST-104,2025-12-31 10:56:44.455179,2025-12-31 12:59:44.455179,96.22,16.43,Completed
TXN-10640,ST-102,2025-12-11 05:29:44.455179,2025-12-11 07:33:44.455179,84.0,14.6,Refunded
TXN-10641,ST-103,2025-12-23 14:41:44.455179,2025-12-23 18:33:44.455179,136.89,22.53,Completed
TXN-10642,ST-104,2026-01-04 07:09:44.455179,2026-01-04 09:35:44.455179,42.34,8.35,Completed
TXN-10643,ST-104,2025-12-24 13:28:44.455179,2025-12-24 17:07:44.455179,165.14,26.77,Completed
TXN-10644,ST-102,2025-12-20 14:27:44.455179,2025-12-20 16:40:44.455179,82.03,14.3,Completed
TXN-10645,ST-103,2025-12-27 03:22:44.455179,2025-12-27 05:50:44.455179,38.81,7.82,Completed
TXN-10646,ST-100,2025-12-20 13:53:44.455179,2025-12-20 17:39:44.455179,45.17,8.78,Completed
TXN-10647,ST-104,2026-01-02 14:46:44.455179,2026-01-02 18:04:44.455179,87.03,15.05,Completed
TXN-10648,ST-101,2026-01-03 03:15:44.455179,2026-01-03 05:01:44.455179,68.92,12.34,Completed
TXN-10649,ST-103,2026-01-05 15:02:44.455179,2026-01-05 16:46:44.455179,60.5,11.07,Completed
TXN-10650,ST-104,2026-01-06 12:27:44.455179,2026-01-06 15:23:44.455179,96.71,16.51,Completed
TXN-10651,ST-102,2026-01-04 08:49:44.455179,2026-01-04 12:23:44.455179,152.72,24.91,Failed
TXN-10652,ST-102,2025-12-11 02:08:44.455179,2025-12-11 03:37:44.455179,55.8,10.37,Completed
TXN-10653,ST-104,2026-01-05 13:33:44.455179,2026-01-05 15:36:44.455179,66.77,12.02,Completed
TXN-10654,ST-103,2025-12-28 14:54:44.455179,2025-12-28 18:17:44.455179,128.1,21.21,Failed
TXN-10655,ST-100,2025-12-27 11:08:44.455179,2025-12-27 13:36:44.455179,18.93,4.84,Completed
TXN-10656,ST-104,2025-12-17 02:37:44.455179,2025-12-17 03:44:44.455179,23.26,5.49,Completed
TXN-10657,ST-103,2025-12-19 15:33:44.455179,2025-12-19 19:23:44.455179,123.27,20.49,Completed
TXN-10658,ST-103,2026-01-03 14:39:44.455179,2026-01-03 17:40:44.455179,124.51,20.68,Completed
TXN-10659,ST-101,2026-01-01 11:58:44.455179,2026-01-01 14:09:44.455179,97.7,16.66,Completed
TXN-10660,ST-101,2025-12-13 10:10:44.455179,2025-12-13 14:04:44.455179,30.83,6.62,Refunded
TXN-10661,ST-102,2026-01-02 09:55:44.455179,2026-01-02 10:15:44.455179,14.55,4.18,Completed
TXN-10662,ST-100,2026-01-07 06:58:44.455179,2026-01-07 10:03:44.455179,103.53,17.53,Completed
TXN-10663,ST-101,2025-12-26 07:48:44.455179,2025-12-26 09:15:44.455179,18.06,4.71,Completed
TXN-10664,ST-104,2026-01-09 10:53:44.455179,2026-01-09 13:38:44.455179,95.45,16.32,Completed
TXN-10665,ST-101,2025-12-12 12:52:44.455179,2025-12-12 13:31:44.455179,21.12,5.17,Completed
TXN-10666,ST-100,2025-12-18 07:25:44.455179,2025-12-18 10:31:44.455179,97.59,16.64,Completed
TXN-10667,ST-100,2026-01-04 03:14:44.455179,2026-01-04 06:32:44.455179,85.4,14.81,Completed
TXN-10668,ST-103,2026-01-08 09:07:44.455179,2026-01-08 09:32:44.455179,6.09,2.91,Refunded
TXN-10669,ST-104,2025-12-28 11:39:44.455179,2025-12-28 12:06:44.455179,15.66,4.35,Completed
TXN-10670,ST-101,2025-12-27 14:16:44.455179,2025-12-27 15:57:44.455179,48.73,9.31,Completed
TXN-10671,ST-104,2025-12-11 10:31:44.455179,2025-12-11 14:13:44.455179,74.21,13.13,Completed
TXN-10672,ST-104,2026-01-01 10:52:44.455179,2026-01-01 14:24:44.455179,151.42,24.71,Completed
TXN-10673,ST-101,2026-01-06 15:42:44.455179,2026-01-06 18:25:44.455179,89.54,15.43,Completed
TXN-10674,ST-101,2025-12-28 06:17:44.455179,2025-12-28 07:53:44.455179,40.26,8.04,Completed
TXN-10675,ST-104,2025-12-12 07:10:44.455179,2025-12-12 08:44:44.455179,60.26,11.04,Completed
TXN-10676,ST-103,2025-12-20 12:02:44.455179,2025-12-20 15:33:44.455179,67.2,12.08,Failed
TXN-10677,ST-104,2025-12-25 12:17:44.455179,2025-12-25 13:32:44.455179,26.4,5.96,Completed
TXN-10678,ST-102,2026-01-07 16:01:44.455179,2026-01-07 20:00:44.455179,132.47,21.87,Failed
TXN-10679,ST-104,2025-12-24 00:54:44.455179,2025-12-24 02:17:44.455179,42.18,8.33,Completed
TXN-10680,ST-101,2025-12-20 16:36:44.455179,2025-12-20 19:04:44.455179,22.96,5.44,Completed
TXN-10681,ST-102,2026-01-03 01:24:44.455179,2026-01-03 04:14:44.455179,73.59,13.04,Completed
TXN-10682,ST-102,2025-12-14 03:13:44.455179,2025-12-14 04:51:44.455179,67.34,12.1,Refunded
TXN-10683,ST-101,2026-01-01 05:28:44.455179,2026-01-01 06:32:44.455179,50.44,9.57,Completed
TXN-10684,ST-102,2025-12-22 17:20:44.455179,2025-12-22 17:52:44.455179,16.39,4.46,Completed
TXN-10685,ST-103,2025-12-13 17:07:44.455179,2025-12-13 17:48:44.455179,32.27,6.84,Completed
TXN-10686,ST-104,2025-12-10 13:32:44.455179,2025-12-10 14:36:44.455179,6.78,3.02,Completed
TXN-10687,ST-100,2025-12-25 08:20:44.455179,2025-12-25 09:25:44.455179,17.96,4.69,Completed
TXN-10688,ST-100,2025-12-24 04:42:44.455179,2025-12-24 08:13:44.455179,79.54,13.93,Completed
TXN-10689,ST-101,2025-12-14 14:49:44.455179,2025-12-14 15:54:44.455179,9.54,3.43,Completed
TXN-10690,ST-103,2025-12-27 12:40:44.455179,2025-12-27 16:04:44.455179,45.26,8.79,Completed
TXN-10691,ST-104,2025-12-31 04:39:44.455179,2025-12-31 06:15:44.455179,55.49,10.32,Completed
TXN-10692,ST-103,2026-01-04 04:50:44.455179,2026-01-04 08:13:44.455179,148.9,24.34,Refunded
TXN-10693,ST-103,2026-01-02 15:08:44.455179,2026-01-02 17:03:44.455179,15.89,4.38,Completed
TXN-10694,ST-102,2025-12-30 03:28:44.455179,2025-12-30 06:20:44.455179,31.82,6.77,Completed
TXN-10695,ST-103,2025-12-28 13:55:44.455179,2025-12-28 15:49:44.455179,75.98,13.4,Refunded
TXN-10696,ST-103,2025-12-22 01:55:44.455179,2025-12-22 04:58:44.455179,78.65,13.8,Completed
TXN-10697,ST-102,2025-12-22 14:10:44.455179,2025-12-22 17:46:44.455179,122.84,20.43,Completed
TXN-10698,ST-101,2025-12-24 13:17:44.455179,2025-12-24 14:47:44.455179,43.17,8.48,Completed
TXN-10699,ST-101,2025-12-21 16:14:44.455179,2025-12-21 18:50:44.455179,67.07,12.06,Completed
TXN-10700,ST-101,2025-12-22 02:57:44.455179,2025-12-22 03:54:44.455179,24.6,5.69,Completed
TXN-10701,ST-104,2025-12-16 15:42:44.455179,2025-12-16 18:51:44.455179,78.29,13.74,Completed
TXN-10702,ST-104,2026-01-06 07:37:44.455179,2026-01-06 09:51:44.455179,95.37,16.31,Completed
TXN-10703,ST-103,2025-12-19 01:00:44.455179,2025-12-19 02:07:44.455179,13.23,3.98,Completed
TXN-10704,ST-101,2026-01-01 12:56:44.455179,2026-01-01 14:24:44.455179,31.82,6.77,Completed
TXN-10705,ST-103,2026-01-08 02:48:44.455179,2026-01-08 03:45:44.455179,13.05,3.96,Refunded
TXN-10706,ST-102,2025-12-31 09:46:44.455179,2025-12-31 11:26:44.455179,50.3,9.54,Completed
TXN-10707,ST-104,2025-12-14 03:07:44.455179,2025-12-14 06:47:44.455179,143.93,23.59,Completed
TXN-10708,ST-101,2026-01-01 05:32:44.455179,2026-01-01 06:37:44.455179,47.32,9.1,Completed
TXN-10709,ST-103,2025-12-12 07:58:44.455179,2025-12-12 11:33:44.455179,94.45,16.17,Completed
TXN-10710,ST-101,2025-12-17 04:20:44.455179,2025-12-17 05:09:44.455179,8.19,3.23,Completed
TXN-10711,ST-100,2025-12-29 16:27:44.455179,2025-12-29 19:30:44.455179,109.29,18.39,Completed
TXN-10712,ST-100,2025-12-16 00:38:44.455179,2025-12-16 02:34:44.455179,20.05,5.01,Completed
TXN-10713,ST-103,2026-01-08 07:39:44.455179,2026-01-08 08:03:44.455179,19.03,4.85,Completed
TXN-10714,ST-102,2025-12-28 17:34:44.455179,2025-12-28 18:30:44.455179,20.67,5.1,Completed
TXN-10715,ST-104,2025-12-19 01:11:44.455179,2025-12-19 03:07:44.455179,61.15,11.17,Completed
TXN-10716,ST-101,2025-12-18 08:22:44.455179,2025-12-18 10:11:44.455179,18.99,4.85,Completed
TXN-10717,ST-104,2026-01-04 05:38:44.455179,2026-01-04 09:19:44.455179,58.08,10.71,Completed
TXN-10718,ST-100,2026-01-09 03:04:44.455179,2026-01-09 04:06:44.455179,41.79,8.27,Completed
TXN-10719,ST-104,2025-12-22 01:43:44.455179,2025-12-22 04:19:44.455179,32.42,6.86,Completed
TXN-10720,ST-101,2026-01-07 03:14:44.455179,2026-01-07 04:54:44.455179,77.62,13.64,Refunded
TXN-10721,ST-103,2026-01-03 10:47:44.455179,2026-01-03 13:13:44.455179,53.55,10.03,Completed
TXN-10722,ST-102,2025-12-18 16:45:44.455179,2025-12-18 19:22:44.455179,70.59,12.59,Completed
TXN-10723,ST-100,2025-12-27 06:31:44.455179,2025-12-27 10:26:44.455179,101.89,17.28,Completed
TXN-10724,ST-100,2026-01-09 12:47:44.455179,2026-01-09 14:44:44.455179,21.59,5.24,Completed
TXN-10725,ST-100,2025-12-21 10:04:44.455179,2025-12-21 11:01:44.455179,40.71,8.11,Completed
TXN-10726,ST-103,2026-01-05 04:03:44.455179,2026-01-05 06:32:44.455179,26.96,6.04,Completed
TXN-10727,ST-104,2025-12-15 02:12:44.455179,2025-12-15 05:14:44.455179,55.58,10.34,Completed
TXN-10728,ST-103,2025-12-20 09:35:44.455179,2025-12-20 10:03:44.455179,16.0,4.4,Failed
TXN-10729,ST-101,2026-01-05 02:58:44.455179,2026-01-05 06:16:44.455179,132.98,21.95,Completed
TXN-10730,ST-102,2025-12-26 01:58:44.455179,2025-12-26 05:33:44.455179,121.89,20.28,Completed
TXN-10731,ST-102,2025-12-17 11:33:44.455179,2025-12-17 15:20:44.455179,125.99,20.9,Completed
TXN-10732,ST-103,2025-12-29 08:54:44.455179,2025-12-29 11:55:44.455179,109.86,18.48,Completed
TXN-10733,ST-102,2025-12-23 13:22:44.455179,2025-12-23 15:56:44.455179,103.17,17.48,Completed
TXN-10734,ST-102,2025-12-10 12:31:44.455179,2025-12-10 13:37:44.455179,16.26,4.44,Completed
TXN-10735,ST-102,2026-01-03 01:16:44.455179,2026-01-03 05:07:44.455179,183.64,29.55,Completed
TXN-10736,ST-102,2025-12-26 11:19:44.455179,2025-12-26 12:39:44.455179,58.52,10.78,Completed
TXN-10737,ST-102,2026-01-02 12:06:44.455179,2026-01-02 13:56:44.455179,26.42,5.96,Completed
TXN-10738,ST-101,2025-12-10 02:34:44.455179,2025-12-10 06:30:44.455179,114.88,19.23,Completed
TXN-10739,ST-102,2025-12-30 14:48:44.455179,2025-12-30 16:31:44.455179,18.56,4.78,Completed
TXN-10740,ST-100,2025-12-17 10:24:44.455179,2025-12-17 12:27:44.455179,57.79,10.67,Completed
TXN-10741,ST-104,2025-12-20 01:58:44.455179,2025-12-20 02:20:44.455179,15.2,4.28,Completed
TXN-10742,ST-104,2025-12-12 05:43:44.455179,2025-12-12 08:22:44.455179,116.45,19.47,Completed
TXN-10743,ST-104,2025-12-12 16:10:44.455179,2025-12-12 16:38:44.455179,5.68,2.85,Completed
TXN-10744,ST-101,2025-12-27 05:15:44.455179,2025-12-27 06:35:44.455179,35.78,7.37,Failed
TXN-10745,ST-101,2025-12-29 02:54:44.455179,2025-12-29 03:39:44.455179,33.42,7.01,Failed
TXN-10746,ST-101,2026-01-09 10:57:44.455179,2026-01-09 13:24:44.455179,65.05,11.76,Completed
TXN-10747,ST-104,2025-12-25 01:39:44.455179,2025-12-25 02:09:44.455179,9.64,3.45,Completed
TXN-10748,ST-104,2025-12-21 07:07:44.455179,2025-12-21 09:09:44.455179,26.88,6.03,Completed
TXN-10749,ST-102,2025-12-25 03:17:44.455179,2025-12-25 04:34:44.455179,53.99,10.1,Completed
TXN-10750,ST-104,2026-01-07 11:51:44.455179,2026-01-07 12:37:44.455179,16.15,4.42,Completed
TXN-10751,ST-100,2025-12-10 02:03:44.455179,2025-12-10 02:46:44.455179,12.55,3.88,Completed
TXN-10752,ST-102,2025-12-11 00:39:44.455179,2025-12-11 02:04:44.455179,42.62,8.39,Completed
TXN-10753,ST-103,2025-12-10 07:09:44.455179,2025-12-10 11:00:44.455179,128.85,21.33,Completed
TXN-10754,ST-101,2025-12-30 13:16:44.455179,2025-12-30 14:16:44.455179,40.37,8.06,Completed
TXN-10755,ST-101,2025-12-30 11:12:44.455179,2025-12-30 12:42:44.455179,9.76,3.46,Completed
TXN-10756,ST-100,2026-01-07 04:48:44.455179,2026-01-07 06:47:44.455179,89.98,15.5,Completed
TXN-10757,ST-103,2025-12-18 04:26:44.455179,2025-12-18 07:23:44.455179,23.81,5.57,Completed
TXN-10758,ST-102,2026-01-04 14:36:44.455179,2026-01-04 18:08:44.455179,43.0,8.45,Completed
TXN-10759,ST-104,2026-01-02 01:30:44.455179,2026-01-02 04:23:44.455179,88.46,15.27,Completed
TXN-10760,ST-100,2025-12-25 16:35:44.455179,2025-12-25 19:17:44.455179,108.0,18.2,Completed
TXN-10761,ST-100,2025-12-28 01:03:44.455179,2025-12-28 02:01:44.455179,33.47,7.02,Completed
TXN-10762,ST-101,2025-12-13 06:58:44.455179,2025-12-13 08:47:44.455179,17.41,4.61,Completed
TXN-10763,ST-100,2025-12-22 02:05:44.455179,2025-12-22 05:12:44.455179,65.52,11.83,Completed
TXN-10764,ST-104,2025-12-10 17:07:44.455179,2025-12-10 18:45:44.455179,19.49,4.92,Completed
TXN-10765,ST-103,2026-01-03 15:41:44.455179,2026-01-03 19:32:44.455179,158.94,25.84,Completed
TXN-10766,ST-102,2025-12-25 15:42:44.455179,2025-12-25 17:23:44.455179,11.23,3.68,Completed
TXN-10767,ST-103,2025-12-30 05:09:44.455179,2025-12-30 06:13:44.455179,47.99,9.2,Completed
TXN-10768,ST-104,2026-01-05 14:10:44.455179,2026-01-05 15:44:44.455179,40.18,8.03,Failed
TXN-10769,ST-101,2025-12-16 01:17:44.455179,2025-12-16 02:57:44.455179,53.98,10.1,Completed
TXN-10770,ST-100,2026-01-07 16:19:44.455179,2026-01-07 18:26:44.455179,65.12,11.77,Completed
TXN-10771,ST-100,2025-12-22 02:15:44.455179,2025-12-22 04:26:44.455179,54.05,10.11,Completed
TXN-10772,ST-100,2026-01-09 15:04:44.455179,2026-01-09 17:40:44.455179,49.71,9.46,Completed
TXN-10773,ST-104,2026-01-06 05:43:44.455179,2026-01-06 06:30:44.455179,32.0,6.8,Completed
TXN-10774,ST-102,2025-12-26 03:09:44.455179,2025-12-26 06:50:44.455179,50.9,9.63,Completed
TXN-10775,ST-103,2026-01-05 03:34:44.455179,2026-01-05 04:10:44.455179,13.8,4.07,Completed
TXN-10776,ST-103,2025-12-24 17:25:44.455179,2025-12-24 21:13:44.455179,25.39,5.81,Completed
TXN-10777,ST-101,2025-12-21 07:17:44.455179,2025-12-21 10:12:44.455179,22.15,5.32,Completed
TXN-10778,ST-101,2025-12-16 06:20:44.455179,2025-12-16 08:03:44.455179,64.76,11.71,Completed
TXN-10779,ST-102,2025-12-29 09:21:44.455179,2025-12-29 10:43:44.455179,49.53,9.43,Failed
TXN-10780,ST-101,2026-01-03 02:36:44.455179,2026-01-03 04:48:44.455179,33.98,7.1,Completed
TXN-10781,ST-103,2025-12-17 11:20:44.455179,2025-12-17 13:09:44.455179,53.02,9.95,Refunded
TXN-10782,ST-101,2026-01-07 10:08:44.455179,2026-01-07 13:13:44.455179,29.03,6.35,Completed
TXN-10783,ST-100,2026-01-08 16:03:44.455179,2026-01-08 19:25:44.455179,28.79,6.32,Completed
TXN-10784,ST-103,2025-12-20 17:12:44.455179,2025-12-20 20:26:44.455179,149.23,24.38,Completed
TXN-10785,ST-101,2026-01-01 07:34:44.455179,2026-01-01 10:03:44.455179,55.17,10.28,Completed
TXN-10786,ST-102,2026-01-07 01:54:44.455179,2026-01-07 04:06:44.455179,20.3,5.04,Completed
TXN-10787,ST-103,2025-12-31 08:08:44.455179,2025-12-31 11:14:44.455179,75.17,13.28,Failed
TXN-10788,ST-104,2025-12-25 17:14:44.455179,2025-12-25 20:30:44.455179,148.69,24.3,Completed
TXN-10789,ST-102,2026-01-03 15:24:44.455179,2026-01-03 17:18:44.455179,23.16,5.47,Completed
TXN-10790,ST-101,2025-12-25 08:48:44.455179,2025-12-25 12:26:44.455179,141.78,23.27,Completed
TXN-10791,ST-103,2025-12-12 11:04:44.455179,2025-12-12 12:07:44.455179,39.49,7.92,Completed
TXN-10792,ST-104,2026-01-02 06:30:44.455179,2026-01-02 08:48:44.455179,51.76,9.76,Completed
TXN-10793,ST-104,2025-12-11 03:45:44.455179,2025-12-11 05:46:44.455179,56.4,10.46,Completed
TXN-10794,ST-102,2026-01-03 04:55:44.455179,2026-01-03 08:05:44.455179,133.73,22.06,Completed
TXN-10795,ST-104,2025-12-29 13:29:44.455179,2025-12-29 16:34:44.455179,36.3,7.44,Completed
TXN-10796,ST-104,2026-01-06 00:43:44.455179,2026-01-06 02:03:44.455179,60.22,11.03,Completed
TXN-10797,ST-103,2025-12-13 09:07:44.455179,2025-12-13 10:25:44.455179,38.45,7.77,Completed
TXN-10798,ST-104,2025-12-17 11:53:44.455179,2025-12-17 13:42:44.455179,38.0,7.7,Completed
TXN-10799,ST-100,2025-12-12 05:52:44.455179,2025-12-12 09:07:44.455179,63.61,11.54,Refunded
TXN-10800,ST-100,2025-12-10 07:56:44.455179,2025-12-10 10:32:44.455179,92.56,15.88,Completed
TXN-10801,ST-102,2026-01-04 05:26:44.455179,2026-01-04 08:58:44.455179,97.65,16.65,Completed
TXN-10802,ST-103,2026-01-09 11:28:44.455179,2026-01-09 14:43:44.455179,67.37,12.11,Refunded
TXN-10803,ST-102,2025-12-24 11:13:44.455179,2025-12-24 14:01:44.455179,37.68,7.65,Completed
TXN-10804,ST-104,2025-12-24 02:23:44.455179,2025-12-24 02:55:44.455179,9.68,3.45,Completed
TXN-10805,ST-100,2025-12-23 16:08:44.455179,2025-12-23 17:25:44.455179,15.58,4.34,Completed
TXN-10806,ST-102,2025-12-24 04:27:44.455179,2025-12-24 05:56:44.455179,18.27,4.74,Completed
TXN-10807,ST-104,2026-01-08 13:14:44.455179,2026-01-08 16:58:44.455179,28.13,6.22,Completed
TXN-10808,ST-100,2026-01-04 09:41:44.455179,2026-01-04 13:03:44.455179,44.53,8.68,Completed
TXN-10809,ST-102,2025-12-24 17:31:44.455179,2025-12-24 18:30:44.455179,21.98,5.3,Completed
TXN-10810,ST-101,2025-12-24 17:07:44.455179,2025-12-24 18:48:44.455179,32.21,6.83,Completed
TXN-10811,ST-101,2025-12-19 14:00:44.455179,2025-12-19 15:16:44.455179,20.88,5.13,Refunded
TXN-10812,ST-103,2026-01-02 05:06:44.455179,2026-01-02 07:24:44.455179,17.76,4.66,Completed
TXN-10813,ST-100,2025-12-31 02:56:44.455179,2025-12-31 04:39:44.455179,49.71,9.46,Refunded
TXN-10814,ST-104,2025-12-14 13:39:44.455179,2025-12-14 16:09:44.455179,86.28,14.94,Completed
TXN-10815,ST-100,2025-12-28 11:55:44.455179,2025-12-28 13:55:44.455179,47.31,9.1,Completed
TXN-10816,ST-100,2025-12-20 07:23:44.455179,2025-12-20 07:58:44.455179,13.0,3.95,Completed
TXN-10817,ST-101,2025-12-27 11:55:44.455179,2025-12-27 15:31:44.455179,94.38,16.16,Completed
TXN-10818,ST-102,2026-01-09 12:39:44.455179,2026-01-09 15:22:44.455179,118.16,19.72,Refunded
TXN-10819,ST-104,2025-12-11 16:22:44.455179,2025-12-11 18:49:44.455179,104.09,17.61,Completed
TXN-10820,ST-101,2026-01-05 15:52:44.455179,2026-01-05 18:28:44.455179,79.22,13.88,Completed
TXN-10821,ST-101,2025-12-10 02:02:44.455179,2025-12-10 03:06:44.455179,30.86,6.63,Completed
TXN-10822,ST-103,2025-12-19 13:27:44.455179,2025-12-19 15:20:44.455179,55.26,10.29,Completed
TXN-10823,ST-102,2025-12-12 04:21:44.455179,2025-12-12 08:13:44.455179,104.66,17.7,Completed
TXN-10824,ST-101,2026-01-05 13:22:44.455179,2026-01-05 17:06:44.455179,22.45,5.37,Completed
TXN-10825,ST-100,2026-01-04 06:29:44.455179,2026-01-04 10:00:44.455179,127.35,21.1,Completed
TXN-10826,ST-101,2026-01-08 05:03:44.455179,2026-01-08 06:11:44.455179,16.9,4.54,Completed
TXN-10827,ST-101,2025-12-13 14:19:44.455179,2025-12-13 16:52:44.455179,28.0,6.2,Completed
TXN-10828,ST-104,2026-01-07 05:04:44.455179,2026-01-07 07:26:44.455179,86.13,14.92,Completed
TXN-10829,ST-102,2025-12-20 10:49:44.455179,2025-12-20 13:17:44.455179,40.75,8.11,Completed
TXN-10830,ST-104,2025-12-30 13:38:44.455179,2025-12-30 15:08:44.455179,45.72,8.86,Failed
TXN-10831,ST-100,2025-12-27 08:39:44.455179,2025-12-27 11:34:44.455179,123.0,20.45,Completed
TXN-10832,ST-101,2025-12-25 11:20:44.455179,2025-12-25 13:26:44.455179,94.46,16.17,Completed
TXN-10833,ST-101,2026-01-08 11:01:44.455179,2026-01-08 12:25:44.455179,23.03,5.45,Completed
TXN-10834,ST-102,2025-12-23 14:57:44.455179,2025-12-23 16:21:44.455179,45.85,8.88,Completed
TXN-10835,ST-104,2025-12-17 15:13:44.455179,2025-12-17 16:34:44.455179,33.86,7.08,Completed
TXN-10836,ST-104,2025-12-23 07:25:44.455179,2025-12-23 09:12:44.455179,80.16,14.02,Completed
TXN-10837,ST-102,2025-12-10 00:58:44.455179,2025-12-10 02:38:44.455179,37.87,7.68,Completed
TXN-10838,ST-104,2026-01-09 00:41:44.455179,2026-01-09 03:23:44.455179,113.92,19.09,Refunded
TXN-10839,ST-100,2025-12-15 15:32:44.455179,2025-12-15 16:04:44.455179,16.87,4.53,Completed
TXN-10840,ST-101,2025-12-18 16:31:44.455179,2025-12-18 17:20:44.455179,35.17,7.28,Completed
TXN-10841,ST-103,2025-12-26 05:15:44.455179,2025-12-26 07:55:44.455179,53.08,9.96,Completed
TXN-10842,ST-104,2025-12-30 04:43:44.455179,2025-12-30 06:38:44.455179,75.59,13.34,Completed
TXN-10843,ST-102,2025-12-26 02:46:44.455179,2025-12-26 03:24:44.455179,21.75,5.26,Completed
TXN-10844,ST-101,2025-12-22 15:37:44.455179,2025-12-22 17:45:44.455179,48.36,9.25,Completed
TXN-10845,ST-102,2025-12-19 10:38:44.455179,2025-12-19 11:40:44.455179,40.36,8.05,Completed
TXN-10846,ST-100,2025-12-10 08:42:44.455179,2025-12-10 09:48:44.455179,44.51,8.68,Completed
TXN-10847,ST-101,2025-12-19 13:01:44.455179,2025-12-19 14:42:44.455179,20.69,5.1,Completed
TXN-10848,ST-103,2025-12-28 05:55:44.455179,2025-12-28 09:07:44.455179,22.9,5.43,Completed
TXN-10849,ST-104,2025-12-18 06:15:44.455179,2025-12-18 10:00:44.455179,79.49,13.92,Completed
TXN-10850,ST-102,2025-12-17 07:31:44.455179,2025-12-17 11:23:44.455179,61.53,11.23,Completed
TXN-10851,ST-103,2026-01-04 07:52:44.455179,2026-01-04 08:23:44.455179,9.13,3.37,Completed
TXN-10852,ST-101,2025-12-20 08:33:44.455179,2025-12-20 09:37:44.455179,13.61,4.04,Completed
TXN-10853,ST-100,2025-12-29 13:14:44.455179,2025-12-29 16:27:44.455179,41.99,8.3,Completed
TXN-10854,ST-102,2025-12-27 06:56:44.455179,2025-12-27 08:06:44.455179,17.97,4.7,Completed
TXN-10855,ST-100,2025-12-12 10:48:44.455179,2025-12-12 14:45:44.455179,48.61,9.29,Completed
TXN-10856,ST-104,2025-12-23 02:57:44.455179,2025-12-23 05:42:44.455179,80.12,14.02,Completed
TXN-10857,ST-103,2026-01-06 13:33:44.455179,2026-01-06 14:56:44.455179,45.24,8.79,Completed
TXN-10858,ST-103,2025-12-21 04:50:44.455179,2025-12-21 07:14:44.455179,32.8,6.92,Completed
TXN-10859,ST-104,2025-12-25 04:47:44.455179,2025-12-25 06:04:44.455179,58.35,10.75,Completed
TXN-10860,ST-104,2025-12-15 12:59:44.455179,2025-12-15 15:22:44.455179,65.74,11.86,Completed
TXN-10861,ST-101,2025-12-13 12:35:44.455179,2025-12-13 15:32:44.455179,96.05,16.41,Failed
TXN-10862,ST-100,2026-01-09 14:24:44.455179,2026-01-09 14:44:44.455179,5.73,2.86,Completed
TXN-10863,ST-103,2026-01-02 05:42:44.455179,2026-01-02 09:36:44.455179,74.9,13.24,Completed
TXN-10864,ST-100,2025-12-10 06:17:44.455179,2025-12-10 07:50:44.455179,33.83,7.07,Completed
TXN-10865,ST-101,2025-12-20 04:27:44.455179,2025-12-20 05:39:44.455179,20.53,5.08,Completed
TXN-10866,ST-100,2025-12-30 15:51:44.455179,2025-12-30 17:40:44.455179,35.39,7.31,Completed
TXN-10867,ST-104,2025-12-20 17:16:44.455179,2025-12-20 20:08:44.455179,47.09,9.06,Completed
TXN-10868,ST-102,2025-12-29 14:41:44.455179,2025-12-29 16:57:44.455179,14.89,4.23,Completed
TXN-10869,ST-101,2025-12-25 04:20:44.455179,2025-12-25 07:52:44.455179,125.43,20.81,Completed
TXN-10870,ST-104,2025-12-25 12:31:44.455179,2025-12-25 14:14:44.455179,64.14,11.62,Failed
TXN-10871,ST-103,2026-01-05 07:41:44.455179,2026-01-05 09:45:44.455179,36.6,7.49,Completed
TXN-10872,ST-104,2026-01-02 01:32:44.455179,2026-01-02 05:31:44.455179,91.48,15.72,Completed
TXN-10873,ST-104,2026-01-05 05:56:44.455179,2026-01-05 09:45:44.455179,109.33,18.4,Completed
TXN-10874,ST-100,2025-12-23 16:50:44.455179,2025-12-23 17:35:44.455179,27.72,6.16,Completed
TXN-10875,ST-101,2025-12-11 08:44:44.455179,2025-12-11 10:52:44.455179,28.74,6.31,Completed
TXN-10876,ST-104,2026-01-07 04:28:44.455179,2026-01-07 05:32:44.455179,35.04,7.26,Failed
TXN-10877,ST-104,2025-12-10 16:16:44.455179,2025-12-10 19:18:44.455179,66.86,12.03,Completed
TXN-10878,ST-100,2025-12-12 04:48:44.455179,2025-12-12 06:30:44.455179,50.7,9.61,Completed
TXN-10879,ST-102,2025-12-16 01:35:44.455179,2025-12-16 03:37:44.455179,93.76,16.06,Completed
TXN-10880,ST-102,2026-01-01 09:26:44.455179,2026-01-01 10:03:44.455179,21.73,5.26,Completed
TXN-10881,ST-103,2025-12-13 05:35:44.455179,2025-12-13 08:50:44.455179,50.27,9.54,Completed
TXN-10882,ST-101,2025-12-23 16:43:44.455179,2025-12-23 18:38:44.455179,85.12,14.77,Completed
TXN-10883,ST-102,2025-12-22 09:48:44.455179,2025-12-22 13:21:44.455179,100.57,17.09,Completed
TXN-10884,ST-104,2026-01-06 05:19:44.455179,2026-01-06 07:14:44.455179,64.73,11.71,Completed
TXN-10885,ST-100,2025-12-11 13:04:44.455179,2025-12-11 13:55:44.455179,6.48,2.97,Completed
TXN-10886,ST-102,2026-01-02 14:21:44.455179,2026-01-02 17:52:44.455179,74.0,13.1,Completed
TXN-10887,ST-104,2026-01-07 14:43:44.455179,2026-01-07 18:05:44.455179,133.57,22.04,Completed
TXN-10888,ST-101,2026-01-06 14:19:44.455179,2026-01-06 16:23:44.455179,75.22,13.28,Completed
TXN-10889,ST-101,2025-12-15 10:31:44.455179,2025-12-15 14:27:44.455179,153.74,25.06,Completed
TXN-10890,ST-104,2026-01-06 05:26:44.455179,2026-01-06 07:20:44.455179,16.03,4.4,Completed
TXN-10891,ST-102,2026-01-06 12:50:44.455179,2026-01-06 16:46:44.455179,38.15,7.72,Completed
TXN-10892,ST-102,2025-12-26 05:52:44.455179,2025-12-26 08:17:44.455179,18.06,4.71,Completed
TXN-10893,ST-101,2025-12-30 01:21:44.455179,2025-12-30 02:10:44.455179,20.97,5.15,Completed
TXN-10894,ST-101,2026-01-08 13:42:44.455179,2026-01-08 15:56:44.455179,103.93,17.59,Failed
TXN-10895,ST-103,2025-12-29 11:37:44.455179,2025-12-29 13:47:44.455179,13.86,4.08,Completed
TXN-10896,ST-101,2025-12-29 07:16:44.455179,2025-12-29 10:23:44.455179,70.1,12.51,Refunded
TXN-10897,ST-100,2025-12-21 11:39:44.455179,2025-12-21 13:21:44.455179,18.17,4.73,Completed
TXN-10898,ST-103,2026-01-01 07:56:44.455179,2026-01-01 11:47:44.455179,38.09,7.71,Completed
TXN-10899,ST-102,2026-01-03 01:25:44.455179,2026-01-03 01:53:44.455179,8.92,3.34,Completed
TXN-10900,ST-102,2025-12-12 07:40:44.455179,2025-12-12 10:33:44.455179,50.39,9.56,Completed
TXN-10901,ST-104,2025-12-21 07:42:44.455179,2025-12-21 08:45:44.455179,14.38,4.16,Completed
TXN-10902,ST-100,2025-12-30 06:18:44.455179,2025-12-30 09:41:44.455179,149.85,24.48,Completed
TXN-10903,ST-103,2026-01-02 05:06:44.455179,2026-01-02 06:17:44.455179,40.75,8.11,Completed
TXN-10904,ST-100,2026-01-03 05:07:44.455179,2026-01-03 07:50:44.455179,56.93,10.54,Completed
TXN-10905,ST-100,2026-01-06 05:45:44.455179,2026-01-06 08:12:44.455179,51.0,9.65,Completed
TXN-10906,ST-101,2025-12-19 13:41:44.455179,2025-12-19 14:24:44.455179,20.43,5.06,Completed
TXN-10907,ST-103,2026-01-07 11:39:44.455179,2026-01-07 15:06:44.455179,28.09,6.21,Completed
TXN-10908,ST-102,2025-12-16 16:09:44.455179,2025-12-16 17:07:44.455179,38.31,7.75,Completed
TXN-10909,ST-101,2026-01-07 16:49:44.455179,2026-01-07 20:09:44.455179,75.43,13.31,Failed
TXN-10910,ST-100,2025-12-28 16:27:44.455179,2025-12-28 17:44:44.455179,57.74,10.66,Completed
TXN-10911,ST-100,2025-12-13 09:07:44.455179,2025-12-13 11:06:44.455179,56.12,10.42,Completed
TXN-10912,ST-103,2026-01-05 04:09:44.455179,2026-01-05 05:56:44.455179,34.07,7.11,Completed
TXN-10913,ST-104,2026-01-04 01:02:44.455179,2026-01-04 04:50:44.455179,139.88,22.98,Completed
TXN-10914,ST-104,2026-01-02 17:23:44.455179,2026-01-02 19:25:44.455179,27.69,6.15,Failed
TXN-10915,ST-103,2025-12-10 03:14:44.455179,2025-12-10 04:32:44.455179,44.89,8.73,Failed
TXN-10916,ST-102,2026-01-09 14:42:44.455179,2026-01-09 16:51:44.455179,46.43,8.96,Completed
TXN-10917,ST-100,2025-12-13 02:43:44.455179,2025-12-13 06:15:44.455179,124.64,20.7,Completed
TXN-10918,ST-100,2025-12-16 04:42:44.455179,2025-12-16 08:42:44.455179,71.95,12.79,Completed
TXN-10919,ST-100,2025-12-19 07:53:44.455179,2025-12-19 11:11:44.455179,32.26,6.84,Completed
TXN-10920,ST-101,2025-12-18 12:52:44.455179,2025-12-18 13:34:44.455179,18.14,4.72,Completed
TXN-10921,ST-102,2025-12-18 10:02:44.455179,2025-12-18 13:57:44.455179,160.54,26.08,Completed
TXN-10922,ST-101,2025-12-15 02:12:44.455179,2025-12-15 04:12:44.455179,86.24,14.94,Completed
TXN-10923,ST-104,2025-12-27 15:29:44.455179,2025-12-27 16:38:44.455179,14.32,4.15,Completed
TXN-10924,ST-104,2025-12-16 11:25:44.455179,2025-12-16 14:00:44.455179,75.59,13.34,Completed
TXN-10925,ST-101,2025-12-29 17:09:44.455179,2025-12-29 20:05:44.455179,75.94,13.39,Completed
TXN-10926,ST-104,2025-12-26 13:49:44.455179,2025-12-26 16:02:44.455179,104.86,17.73,Completed
TXN-10927,ST-103,2025-12-29 03:49:44.455179,2025-12-29 05:40:44.455179,44.85,8.73,Completed
TXN-10928,ST-103,2025-12-24 06:54:44.455179,2025-12-24 10:19:44.455179,34.0,7.1,Completed
TXN-10929,ST-100,2025-12-14 09:46:44.455179,2025-12-14 13:07:44.455179,159.59,25.94,Completed
TXN-10930,ST-102,2026-01-02 08:32:44.455179,2026-01-02 11:26:44.455179,122.69,20.4,Completed
TXN-10931,ST-103,2025-12-18 06:31:44.455179,2025-12-18 09:54:44.455179,155.15,25.27,Completed
TXN-10932,ST-102,2025-12-26 08:01:44.455179,2025-12-26 09:13:44.455179,31.15,6.67,Completed
TXN-10933,ST-102,2025-12-27 15:50:44.455179,2025-12-27 18:20:44.455179,83.86,14.58,Completed
TXN-10934,ST-102,2025-12-31 01:45:44.455179,2025-12-31 05:21:44.455179,128.55,21.28,Completed
TXN-10935,ST-101,2026-01-02 08:17:44.455179,2026-01-02 09:48:44.455179,19.32,4.9,Completed
TXN-10936,ST-104,2025-12-17 14:16:44.455179,2025-12-17 14:46:44.455179,3.2,2.48,Completed
TXN-10937,ST-101,2025-12-30 11:41:44.455179,2025-12-30 13:41:44.455179,69.84,12.48,Completed
TXN-10938,ST-102,2026-01-01 00:44:44.455179,2026-01-01 03:33:44.455179,37.58,7.64,Completed
TXN-10939,ST-102,2025-12-28 05:01:44.455179,2025-12-28 07:54:44.455179,57.95,10.69,Completed
TXN-10940,ST-102,2025-12-14 07:01:44.455179,2025-12-14 09:13:44.455179,67.46,12.12,Completed
TXN-10941,ST-103,2025-12-31 06:13:44.455179,2025-12-31 07:12:44.455179,37.42,7.61,Completed
TXN-10942,ST-104,2026-01-07 09:03:44.455179,2026-01-07 11:37:44.455179,29.11,6.37,Completed
TXN-10943,ST-104,2025-12-23 12:05:44.455179,2025-12-23 14:21:44.455179,66.37,11.96,Completed
TXN-10944,ST-103,2025-12-14 02:42:44.455179,2025-12-14 05:59:44.455179,135.54,22.33,Completed
TXN-10945,ST-104,2025-12-25 14:08:44.455179,2025-12-25 15:11:44.455179,29.07,6.36,Completed
TXN-10946,ST-102,2025-12-22 08:20:44.455179,2025-12-22 10:14:44.455179,33.91,7.09,Completed
TXN-10947,ST-103,2025-12-22 16:31:44.455179,2025-12-22 18:27:44.455179,81.19,14.18,Completed
TXN-10948,ST-101,2025-12-24 13:41:44.455179,2025-12-24 16:25:44.455179,32.35,6.85,Completed
TXN-10949,ST-104,2025-12-29 15:54:44.455179,2025-12-29 16:29:44.455179,7.92,3.19,Completed
TXN-10950,ST-104,2026-01-09 16:01:44.455179,2026-01-09 17:54:44.455179,61.09,11.16,Completed
TXN-10951,ST-100,2025-12-30 00:50:44.455179,2025-12-30 01:33:44.455179,21.61,5.24,Completed
TXN-10952,ST-101,2025-12-27 07:13:44.455179,2025-12-27 09:18:44.455179,58.35,10.75,Completed
TXN-10953,ST-104,2026-01-09 03:41:44.455179,2026-01-09 05:45:44.455179,37.73,7.66,Completed
TXN-10954,ST-102,2025-12-17 05:22:44.455179,2025-12-17 07:22:44.455179,77.47,13.62,Completed
TXN-10955,ST-101,2025-12-29 07:56:44.455179,2025-12-29 09:59:44.455179,77.75,13.66,Completed
TXN-10956,ST-103,2025-12-21 05:38:44.455179,2025-12-21 09:35:44.455179,57.79,10.67,Completed
TXN-10957,ST-102,2026-01-09 12:57:44.455179,2026-01-09 15:33:44.455179,28.45,6.27,Completed
TXN-10958,ST-103,2026-01-07 13:11:44.455179,2026-01-07 15:19:44.455179,70.26,12.54,Completed
TXN-10959,ST-101,2025-12-22 13:13:44.455179,2025-12-22 16:40:44.455179,22.39,5.36,Completed
TXN-10960,ST-102,2025-12-19 16:45:44.455179,2025-12-19 18:19:44.455179,57.73,10.66,Completed
TXN-10961,ST-100,2026-01-01 17:31:44.455179,2026-01-01 18:48:44.455179,37.13,7.57,Completed
TXN-10962,ST-100,2025-12-14 03:58:44.455179,2025-12-14 07:18:44.455179,57.16,10.57,Completed
TXN-10963,ST-103,2026-01-02 08:13:44.455179,2026-01-02 10:18:44.455179,24.34,5.65,Completed
TXN-10964,ST-103,2025-12-31 09:20:44.455179,2025-12-31 11:51:44.455179,93.79,16.07,Completed
TXN-10965,ST-100,2025-12-31 03:15:44.455179,2025-12-31 05:25:44.455179,57.75,10.66,Completed
TXN-10966,ST-102,2026-01-08 12:10:44.455179,2026-01-08 14:13:44.455179,96.5,16.48,Completed
TXN-10967,ST-102,2025-12-27 14:07:44.455179,2025-12-27 15:51:44.455179,16.25,4.44,Completed
TXN-10968,ST-104,2025-12-30 03:35:44.455179,2025-12-30 07:31:44.455179,169.63,27.44,Completed
TXN-10969,ST-101,2025-12-21 13:47:44.455179,2025-12-21 16:55:44.455179,135.85,22.38,Completed
TXN-10970,ST-101,2026-01-01 13:58:44.455179,2026-01-01 14:45:44.455179,10.8,3.62,Completed
TXN-10971,ST-104,2025-12-18 02:16:44.455179,2025-12-18 04:18:44.455179,48.32,9.25,Failed
TXN-10972,ST-101,2025-12-23 08:07:44.455179,2025-12-23 08:39:44.455179,6.87,3.03,Completed
TXN-10973,ST-101,2026-01-07 01:24:44.455179,2026-01-07 02:12:44.455179,18.6,4.79,Completed
TXN-10974,ST-103,2025-12-12 03:44:44.455179,2025-12-12 06:23:44.455179,92.06,15.81,Completed
TXN-10975,ST-102,2025-12-24 06:54:44.455179,2025-12-24 08:18:44.455179,33.38,7.01,Completed
TXN-10976,ST-104,2025-12-18 01:28:44.455179,2025-12-18 02:40:44.455179,48.42,9.26,Completed
TXN-10977,ST-104,2025-12-14 09:31:44.455179,2025-12-14 12:16:44.455179,131.54,21.73,Completed
TXN-10978,ST-102,2025-12-13 17:08:44.455179,2025-12-13 19:03:44.455179,47.26,9.09,Completed
TXN-10979,ST-103,2026-01-05 05:41:44.455179,2026-01-05 09:02:44.455179,49.38,9.41,Completed
TXN-10980,ST-103,2026-01-07 02:02:44.455179,2026-01-07 02:26:44.455179,10.58,3.59,Completed
TXN-10981,ST-104,2025-12-24 10:41:44.455179,2025-12-24 11:42:44.455179,38.96,7.84,Completed
TXN-10982,ST-102,2025-12-15 09:24:44.455179,2025-12-15 10:18:44.455179,31.2,6.68,Completed
TXN-10983,ST-101,2025-12-20 08:48:44.455179,2025-12-20 11:11:44.455179,20.18,5.03,Completed
TXN-10984,ST-102,2025-12-31 13:44:44.455179,2025-12-31 14:20:44.455179,21.84,5.28,Completed
TXN-10985,ST-100,2025-12-14 09:12:44.455179,2025-12-14 12:34:44.455179,117.84,19.68,Completed
TXN-10986,ST-103,2025-12-27 04:05:44.455179,2025-12-27 06:42:44.455179,53.52,10.03,Completed
TXN-10987,ST-103,2026-01-07 17:10:44.455179,2026-01-07 20:52:44.455179,102.21,17.33,Completed
TXN-10988,ST-102,2025-12-14 17:25:44.455179,2025-12-14 21:01:44.455179,150.85,24.63,Completed
TXN-10989,ST-103,2026-01-02 09:58:44.455179,2026-01-02 13:12:44.455179,117.97,19.7,Completed
TXN-10990,ST-100,2026-01-08 02:40:44.455179,2026-01-08 04:22:44.455179,75.16,13.27,Completed
TXN-10991,ST-101,2025-12-31 06:59:44.455179,2025-12-31 10:44:44.455179,111.0,18.65,Completed
TXN-10992,ST-102,2025-12-11 16:29:44.455179,2025-12-11 19:33:44.455179,49.74,9.46,Completed
TXN-10993,ST-101,2025-12-16 11:49:44.455179,2025-12-16 12:55:44.455179,24.96,5.74,Completed
TXN-10994,ST-102,2025-12-23 09:57:44.455179,2025-12-23 12:04:44.455179,100.48,17.07,Completed
TXN-10995,ST-104,2025-12-30 01:31:44.455179,2025-12-30 04:13:44.455179,69.54,12.43,Completed
TXN-10996,ST-103,2025-12-10 04:24:44.455179,2025-12-10 07:45:44.455179,146.94,24.04,Completed
TXN-10997,ST-101,2025-12-28 03:50:44.455179,2025-12-28 06:36:44.455179,131.66,21.75,Completed
TXN-10998,ST-101,2025-12-16 06:52:44.455179,2025-12-16 10:38:44.455179,143.79,23.57,Completed
TXN-10999,ST-104,2025-12-30 14:47:44.455179,2025-12-30 18:09:44.455179,89.24,15.39,Completed
